,0,1,2,3,4,5
0,0.9954336,0.9890872,0.9796418,0.99923146,0.99376094,0.99889815
1,0.99562967,0.9894752,0.97992814,0.99923146,0.99387145,0.99891126
2,0.99562967,0.9894849,0.9799599,0.99923146,0.993876,0.99891126
3,0.99562967,0.98950434,0.9799599,0.9992512,0.9938827,0.99891126
4,0.99562967,0.989514,0.97999173,0.9992512,0.9938918,0.99891126
5,0.9956412,0.9895237,0.97999173,0.9992512,0.99389404,0.99891126
6,0.9956412,0.9895237,0.97999173,0.9992512,0.9938963,0.99891126
7,0.99565274,0.9895237,0.97999173,0.9992512,0.99390304,0.99891126
8,0.99565274,0.9895237,0.97999173,0.9992512,0.99390984,0.99891126
9,0.99565274,0.9895237,0.97999173,0.9992512,0.99390984,0.99891126
10,0.99565274,0.9895237,0.97999173,0.9992512,0.99390984,0.99891126
11,0.99565274,0.9895334,0.97999173,0.9992512,0.99391204,0.99891126
12,0.99565274,0.9895334,0.97999173,0.9992512,0.99391204,0.99891126
13,0.99565274,0.9895334,0.97999173,0.9992512,0.9939166,0.99891126
14,0.99566424,0.98954314,0.97999173,0.9992512,0.9939166,0.99891126
15,0.99566424,0.98954314,0.97999173,0.9992512,0.9939166,0.99891126
16,0.9956758,0.98954314,0.97999173,0.9992512,0.9939166,0.99891126
17,0.9956873,0.9895528,0.97999173,0.9992512,0.9939166,0.99891126
18,0.9956873,0.9895528,0.97999173,0.9992512,0.9939166,0.99891126
19,0.9956873,0.9895528,0.97999173,0.9992512,0.9939166,0.99891126
20,0.9956873,0.9895528,0.97999173,0.9992512,0.9939166,0.99891126
21,0.9956873,0.9895528,0.97999173,0.9992512,0.9939166,0.99891126
22,0.9956873,0.9895625,0.97999173,0.9992512,0.9939166,0.99891126
23,0.9956873,0.9895625,0.97999173,0.9992512,0.9939166,0.99891126
24,0.99569887,0.9895625,0.97999173,0.9992512,0.9939166,0.99891126
25,0.99569887,0.9895625,0.97999173,0.9992512,0.9939166,0.99891126
26,0.9957104,0.9895625,0.97999173,0.9992512,0.9939166,0.99891126
27,0.9957104,0.9895722,0.97999173,0.9992512,0.9939166,0.99891126
28,0.9957104,0.9895722,0.97999173,0.9992512,0.9939166,0.99891126
29,0.9957104,0.9895722,0.97999173,0.9992512,0.9939166,0.99891126
30,0.9957104,0.9895722,0.97999173,0.9992512,0.99391884,0.99891126
31,0.9957104,0.9895722,0.97999173,0.9992512,0.99391884,0.99891126
32,0.9957104,0.9895722,0.97999173,0.9992512,0.9939211,0.99891126
33,0.9957104,0.9895722,0.97999173,0.9992512,0.9939211,0.99891126
34,0.99572194,0.9895722,0.97999173,0.9992512,0.9939211,0.99891126
35,0.99572194,0.9895722,0.97999173,0.9992512,0.9939211,0.99891126
36,0.99572194,0.9895722,0.97999173,0.9992512,0.9939211,0.99891126
37,0.99572194,0.98958194,0.97999173,0.9992512,0.9939211,0.99891126
38,0.99572194,0.98958194,0.98002356,0.9992512,0.99392337,0.99891126
39,0.99572194,0.98958194,0.98002356,0.9992512,0.99392337,0.99891126
40,0.99572194,0.9895916,0.98002356,0.9992512,0.99392337,0.99891126
41,0.99572194,0.9895916,0.98002356,0.9992512,0.99392337,0.99891126
42,0.99572194,0.9895916,0.98002356,0.9992512,0.99392337,0.99891126
43,0.99572194,0.9895916,0.98002356,0.9992512,0.99392337,0.99891126
44,0.99572194,0.9895916,0.98002356,0.9992512,0.9939256,0.99891126
45,0.99572194,0.9895916,0.98002356,0.9992512,0.9939256,0.99891126
46,0.99572194,0.9895916,0.98002356,0.9992512,0.9939256,0.99891126
47,0.99572194,0.9895916,0.98002356,0.9992512,0.9939256,0.99891126
48,0.99572194,0.9896013,0.98002356,0.9992512,0.9939256,0.99891126
49,0.99572194,0.9896013,0.98002356,0.9992512,0.9939256,0.99891126
50,0.99572194,0.9896013,0.98002356,0.9992512,0.99392784,0.99891126
51,0.99572194,0.9896013,0.98002356,0.9992512,0.99392784,0.99891126
52,0.99572194,0.9896013,0.98002356,0.9992512,0.99392784,0.99891126
53,0.99572194,0.9896013,0.98002356,0.9992512,0.99392784,0.99891126
54,0.99572194,0.9896013,0.98002356,0.9992512,0.99392784,0.99891126
55,0.99572194,0.9896013,0.98002356,0.9992512,0.99392784,0.99891126
56,0.99572194,0.9896013,0.98002356,0.9992512,0.99392784,0.99891126
57,0.99572194,0.989611,0.98002356,0.9992512,0.99392784,0.99891126
58,0.99572194,0.989611,0.98002356,0.9992512,0.99392784,0.99891126
59,0.99572194,0.989611,0.98002356,0.9992512,0.99392784,0.99891126
60,0.99572194,0.989611,0.98002356,0.9992512,0.99392784,0.99891126
61,0.99572194,0.989611,0.98002356,0.9992512,0.9939301,0.99891126
62,0.99572194,0.989611,0.98002356,0.9992512,0.9939301,0.99891126
63,0.99572194,0.989611,0.98002356,0.9992512,0.99393237,0.99891126
64,0.99572194,0.98962075,0.98002356,0.9992512,0.99393237,0.99891126
65,0.99572194,0.98962075,0.98002356,0.9992512,0.99393237,0.99891126
66,0.99572194,0.98962075,0.98002356,0.9992512,0.99393237,0.99891126
67,0.99572194,0.98962075,0.98002356,0.9992512,0.99393237,0.99891126
68,0.99572194,0.98962075,0.98002356,0.9992512,0.99393463,0.99891126
69,0.99572194,0.98962075,0.98002356,0.9992512,0.99393463,0.99891126
70,0.99572194,0.98962075,0.98002356,0.9992512,0.99393463,0.99891126
71,0.99572194,0.98962075,0.98002356,0.9992512,0.99393463,0.99891126
72,0.99572194,0.98962075,0.98002356,0.9992512,0.99393463,0.99891126
73,0.99572194,0.98962075,0.98002356,0.9992512,0.99393463,0.99891126
74,0.99572194,0.98962075,0.98002356,0.9992512,0.99393463,0.99891126
75,0.99572194,0.98962075,0.98002356,0.9992512,0.99393463,0.99891126
76,0.99572194,0.98962075,0.98002356,0.9992512,0.99393463,0.99891126
77,0.99572194,0.98962075,0.98005533,0.9992512,0.99393463,0.99891126
78,0.99572194,0.98962075,0.98005533,0.9992512,0.99393463,0.99891126
79,0.99572194,0.98962075,0.98005533,0.9992512,0.99393463,0.99891126
80,0.99572194,0.98962075,0.98005533,0.9992512,0.99393463,0.99891126
81,0.99572194,0.98962075,0.98005533,0.9992512,0.99393463,0.99891126
82,0.99572194,0.98962075,0.98005533,0.9992512,0.99393463,0.99891126
83,0.99572194,0.98962075,0.98005533,0.9992512,0.99393463,0.99891126
84,0.99572194,0.98962075,0.98005533,0.9992512,0.99393463,0.99891126
85,0.99572194,0.98962075,0.98008716,0.9992512,0.99393463,0.99891126
86,0.99572194,0.98962075,0.98008716,0.9992512,0.99393463,0.99891126
87,0.99572194,0.98962075,0.98008716,0.9992512,0.99393463,0.99891126
88,0.99572194,0.98962075,0.98008716,0.9992512,0.99393463,0.99891126
89,0.99572194,0.98962075,0.98008716,0.9992512,0.99393463,0.99891126
90,0.99572194,0.98962075,0.98008716,0.9992512,0.99393463,0.99891126
91,0.99572194,0.98962075,0.98008716,0.9992512,0.99393463,0.99891126
92,0.99572194,0.98962075,0.98008716,0.9992512,0.99393463,0.99891126
93,0.99572194,0.98962075,0.98008716,0.9992512,0.99393463,0.99891126
94,0.99572194,0.98962075,0.98008716,0.9992512,0.99393463,0.99891126
95,0.99572194,0.98962075,0.98008716,0.9992512,0.99393463,0.99891126
96,0.99572194,0.98962075,0.98008716,0.9992512,0.99393463,0.99891126
97,0.99572194,0.98962075,0.98008716,0.9992512,0.99393463,0.99891126
98,0.99572194,0.9896304,0.98008716,0.9992512,0.99393463,0.99891126
99,0.99572194,0.9896401,0.98008716,0.9992512,0.99393463,0.99891126
100,0.99572194,0.9896401,0.98008716,0.9992512,0.99393463,0.99891126
101,0.99572194,0.9896401,0.98008716,0.9992512,0.99393463,0.99891126
102,0.99572194,0.9896401,0.98008716,0.9992512,0.99393463,0.99891126
103,0.99572194,0.9896401,0.98008716,0.9992512,0.99393463,0.99891126
104,0.99572194,0.9896401,0.98008716,0.9992512,0.99393463,0.99891126
105,0.99572194,0.9896401,0.98008716,0.9992512,0.9939369,0.99891126
106,0.99572194,0.9896401,0.98008716,0.9992512,0.9939369,0.99891126
107,0.99572194,0.9896401,0.98008716,0.9992512,0.9939369,0.99891126
108,0.99572194,0.9896401,0.98008716,0.9992512,0.9939369,0.99891126
109,0.99572194,0.9896401,0.98008716,0.9992512,0.9939369,0.99891126
110,0.99572194,0.9896401,0.98008716,0.9992512,0.9939369,0.99891126
111,0.99572194,0.9896401,0.98008716,0.9992512,0.9939369,0.99891126
112,0.99572194,0.9896401,0.98008716,0.9992512,0.9939369,0.99891126
113,0.99572194,0.98964983,0.98008716,0.9992512,0.9939369,0.99891126
114,0.99572194,0.98964983,0.98008716,0.9992512,0.9939369,0.99891126
115,0.99572194,0.98964983,0.98008716,0.9992512,0.9939369,0.99891126
116,0.99572194,0.98964983,0.98008716,0.9992512,0.9939369,0.99891126
117,0.99572194,0.98964983,0.98008716,0.9992512,0.9939369,0.99891126
118,0.99572194,0.98964983,0.98008716,0.9992512,0.9939369,0.99891126
119,0.99572194,0.98964983,0.98008716,0.9992512,0.9939369,0.99891126
120,0.99572194,0.98964983,0.98008716,0.9992512,0.9939369,0.99891126
121,0.99572194,0.98964983,0.98008716,0.9992512,0.9939369,0.99891126
122,0.99572194,0.98964983,0.98008716,0.9992512,0.9939369,0.99891126
123,0.99572194,0.98965955,0.98008716,0.9992512,0.9939369,0.99891126
124,0.99572194,0.98965955,0.98008716,0.9992512,0.9939369,0.99891126
125,0.99572194,0.98965955,0.980119,0.9992512,0.9939369,0.99891126
126,0.99572194,0.98965955,0.980119,0.9992512,0.9939369,0.99891126
127,0.99572194,0.98965955,0.980119,0.9992512,0.9939369,0.99891126
128,0.99572194,0.98965955,0.980119,0.9992512,0.9939369,0.99891126
129,0.99572194,0.98965955,0.980119,0.9992512,0.9939369,0.99891126
130,0.99572194,0.98965955,0.980119,0.9992512,0.9939369,0.99891126
131,0.99572194,0.98965955,0.980119,0.9992512,0.9939369,0.99891126
132,0.99572194,0.98965955,0.980119,0.9992512,0.9939369,0.99891126
133,0.99572194,0.98965955,0.980119,0.9992512,0.9939369,0.99891126
134,0.99572194,0.98965955,0.980119,0.9992512,0.9939369,0.99891126
135,0.99572194,0.98965955,0.980119,0.9992512,0.9939369,0.99891126
136,0.99572194,0.98965955,0.980119,0.9992512,0.9939369,0.99891126
137,0.99572194,0.98965955,0.980119,0.9992512,0.9939369,0.99891126
138,0.99572194,0.98965955,0.980119,0.9992512,0.9939369,0.99891126
139,0.99572194,0.98965955,0.980119,0.9992512,0.9939369,0.99891126
140,0.99572194,0.98965955,0.980119,0.9992512,0.9939369,0.99891126
141,0.99572194,0.98965955,0.980119,0.9992512,0.9939369,0.99891126
142,0.99572194,0.98965955,0.980119,0.9992512,0.9939369,0.99891126
143,0.99572194,0.98965955,0.980119,0.9992512,0.9939369,0.99891126
144,0.99572194,0.98965955,0.980119,0.9992512,0.99393916,0.99891126
145,0.99572194,0.98965955,0.980119,0.9992512,0.99393916,0.99891126
146,0.99572194,0.98965955,0.980119,0.9992512,0.99393916,0.99891126
147,0.99572194,0.98965955,0.980119,0.9992512,0.99393916,0.99891126
148,0.99572194,0.98965955,0.980119,0.9992512,0.99393916,0.99891126
149,0.99572194,0.98965955,0.980119,0.9992512,0.99393916,0.99891126
150,0.99572194,0.98965955,0.980119,0.9992512,0.99393916,0.99891126
151,0.99572194,0.98965955,0.980119,0.9992512,0.99393916,0.99891126
152,0.99572194,0.98965955,0.980119,0.9992512,0.99393916,0.99891126
153,0.99572194,0.98965955,0.980119,0.9992512,0.99393916,0.99891126
154,0.99572194,0.98965955,0.980119,0.9992512,0.99394137,0.99891126
155,0.99572194,0.98965955,0.980119,0.9992512,0.99394137,0.99891126
156,0.99572194,0.98965955,0.980119,0.9992512,0.99394137,0.99891126
157,0.99572194,0.98965955,0.980119,0.9992512,0.99394363,0.99891126
158,0.99572194,0.98965955,0.980119,0.9992512,0.99394363,0.99891126
159,0.99572194,0.98965955,0.980119,0.9992512,0.99394363,0.99891126
160,0.99572194,0.98965955,0.980119,0.9992512,0.99394363,0.99891126
161,0.99572194,0.98965955,0.980119,0.9992512,0.99394363,0.99891126
162,0.99572194,0.98965955,0.980119,0.9992512,0.99394363,0.99891126
163,0.99572194,0.98965955,0.980119,0.9992512,0.99394363,0.99891126
164,0.99572194,0.98965955,0.980119,0.9992512,0.99394363,0.99891126
165,0.99572194,0.98965955,0.980119,0.9992512,0.9939459,0.99891126
166,0.99572194,0.98965955,0.980119,0.9992512,0.9939459,0.99891126
167,0.99572194,0.98965955,0.980119,0.9992512,0.9939459,0.99891126
168,0.99572194,0.98965955,0.980119,0.9992512,0.9939459,0.99891126
169,0.99572194,0.98965955,0.980119,0.9992512,0.9939459,0.99891126
170,0.99572194,0.98965955,0.980119,0.9992512,0.9939459,0.99891126
171,0.99572194,0.98965955,0.980119,0.9992512,0.9939459,0.99891126
172,0.99572194,0.98965955,0.980119,0.9992512,0.9939459,0.99891126
173,0.99572194,0.98965955,0.980119,0.9992512,0.9939459,0.99891126
174,0.99572194,0.98965955,0.980119,0.9992512,0.9939459,0.99891126
175,0.99572194,0.98965955,0.980119,0.9992512,0.9939459,0.99891126
176,0.99572194,0.98965955,0.98015076,0.9992512,0.9939459,0.99891126
177,0.99572194,0.98965955,0.98015076,0.9992512,0.9939459,0.99891126
178,0.99572194,0.98965955,0.98015076,0.9992512,0.9939459,0.99891126
179,0.99572194,0.98965955,0.98015076,0.9992512,0.9939459,0.99891126
180,0.99572194,0.98965955,0.98015076,0.9992512,0.9939459,0.99891126
181,0.99573344,0.98965955,0.98015076,0.9992512,0.9939459,0.99891126
182,0.99573344,0.98965955,0.98015076,0.9992512,0.9939459,0.99891126
183,0.99573344,0.98965955,0.98015076,0.9992512,0.9939459,0.99891126
184,0.99573344,0.98965955,0.98015076,0.9992512,0.9939459,0.99891126
185,0.99573344,0.9896692,0.98015076,0.9992512,0.9939459,0.99891126
186,0.99573344,0.9896692,0.98015076,0.9992512,0.9939459,0.99891126
187,0.99573344,0.9896692,0.98015076,0.9992512,0.9939459,0.99891126
188,0.99573344,0.9896692,0.98015076,0.9992512,0.9939459,0.99891126
189,0.99573344,0.9896692,0.98015076,0.9992512,0.9939459,0.99891126
190,0.99573344,0.9896692,0.98015076,0.9992512,0.9939459,0.99891126
191,0.99573344,0.9896692,0.98015076,0.9992512,0.9939459,0.99891126
192,0.99573344,0.9896692,0.98015076,0.9992512,0.9939459,0.99891126
193,0.99573344,0.9896692,0.9801826,0.9992512,0.9939459,0.99891126
194,0.99573344,0.9896692,0.9801826,0.9992512,0.9939459,0.99891126
195,0.99573344,0.9896692,0.9801826,0.9992512,0.9939459,0.99891126
196,0.99573344,0.9896692,0.9801826,0.9992512,0.9939459,0.99891126
197,0.99573344,0.9896692,0.9801826,0.9992512,0.9939459,0.99891126
198,0.99573344,0.9896692,0.9801826,0.9992512,0.9939459,0.99891126
199,0.99573344,0.9896692,0.9801826,0.9992512,0.9939459,0.99891126
200,0.99573344,0.9896692,0.9801826,0.9992512,0.9939459,0.99891126
201,0.99573344,0.9896692,0.9801826,0.9992512,0.9939459,0.99891126
202,0.99573344,0.9896692,0.9801826,0.9992512,0.9939459,0.99891126
203,0.99573344,0.9896692,0.9801826,0.9992512,0.9939459,0.99891126
204,0.99573344,0.9896692,0.9801826,0.9992512,0.9939459,0.99891126
205,0.99573344,0.9896692,0.9801826,0.9992512,0.9939459,0.99891126
206,0.99573344,0.9896692,0.9801826,0.9992512,0.9939459,0.99891126
207,0.99573344,0.9896692,0.9801826,0.9992512,0.9939459,0.99891126
208,0.99573344,0.9896692,0.9801826,0.9992512,0.9939459,0.99891126
209,0.99573344,0.9896692,0.9801826,0.9992512,0.9939459,0.99891126
210,0.99573344,0.9896692,0.9801826,0.9992512,0.9939459,0.99891126
211,0.99573344,0.9896692,0.9801826,0.9992512,0.9939459,0.99891126
212,0.99573344,0.9896692,0.9801826,0.9992512,0.9939459,0.99891126
213,0.99573344,0.9896692,0.9801826,0.9992512,0.9939459,0.99891126
214,0.99573344,0.9896692,0.9801826,0.9992512,0.9939459,0.99891126
215,0.99573344,0.9896692,0.9801826,0.9992512,0.9939459,0.99891126
216,0.99573344,0.9896692,0.9801826,0.9992512,0.9939459,0.99891126
217,0.99573344,0.9896692,0.9801826,0.9992512,0.9939459,0.99891126
218,0.99573344,0.9896692,0.9801826,0.9992512,0.9939459,0.99891126
219,0.99573344,0.9896692,0.9801826,0.9992512,0.9939459,0.99891126
220,0.99573344,0.9896692,0.9801826,0.9992512,0.9939459,0.99891126
221,0.99573344,0.9896692,0.9801826,0.9992512,0.9939459,0.99891126
222,0.99573344,0.9896692,0.9801826,0.9992512,0.99394816,0.99891126
223,0.99573344,0.9896692,0.9801826,0.9992512,0.99394816,0.99891126
224,0.99573344,0.9896692,0.9801826,0.9992512,0.99394816,0.99891126
225,0.99573344,0.9896692,0.9801826,0.9992512,0.99394816,0.99891126
226,0.99573344,0.9896692,0.9801826,0.9992512,0.99394816,0.99891126
227,0.99573344,0.9896692,0.9802144,0.9992512,0.99394816,0.99891126
228,0.99573344,0.9896692,0.9802144,0.9992512,0.99394816,0.99891126
229,0.99573344,0.9896692,0.9802144,0.9992512,0.99394816,0.99891126
230,0.99573344,0.9896692,0.9802144,0.9992512,0.99394816,0.99891126
231,0.99573344,0.9896692,0.9802144,0.9992512,0.99394816,0.99891126
232,0.99573344,0.9896692,0.9802144,0.9992512,0.99394816,0.99891126
233,0.99573344,0.9896692,0.9802144,0.9992512,0.99394816,0.99891126
234,0.99573344,0.9896692,0.9802144,0.9992512,0.99394816,0.99891126
235,0.99573344,0.9896692,0.9802144,0.9992512,0.99394816,0.99891126
236,0.99573344,0.9896692,0.9802144,0.9992512,0.99394816,0.99891126
237,0.99573344,0.9896692,0.9802144,0.9992512,0.99394816,0.99891126
238,0.99573344,0.9896692,0.9802144,0.9992512,0.99394816,0.99891126
239,0.99573344,0.9896692,0.9802144,0.9992512,0.99394816,0.99891126
240,0.99573344,0.9896692,0.9802144,0.9992512,0.99394816,0.99891126
241,0.99573344,0.9896692,0.9802144,0.9992512,0.99394816,0.99891126
242,0.99573344,0.9896692,0.9802144,0.9992512,0.99394816,0.99891126
243,0.99573344,0.9896692,0.9802144,0.9992512,0.99394816,0.99891126
244,0.99573344,0.9896692,0.9802144,0.9992512,0.99394816,0.99891126
245,0.99573344,0.9896692,0.9802144,0.9992512,0.99394816,0.99891126
246,0.99573344,0.9896692,0.9802144,0.9992512,0.99394816,0.99891126
247,0.99573344,0.9896692,0.9802144,0.9992512,0.99394816,0.99891126
248,0.99573344,0.9896789,0.9802144,0.9992512,0.99394816,0.99891126
249,0.99573344,0.9896789,0.9802144,0.9992512,0.99394816,0.99891126
250,0.99573344,0.9896789,0.9802144,0.9992512,0.99394816,0.99891126
251,0.99573344,0.9896789,0.9802144,0.9992512,0.99394816,0.99891126
252,0.99573344,0.9896789,0.9802144,0.9992512,0.99394816,0.99891126
253,0.99573344,0.9896789,0.9802144,0.9992512,0.99394816,0.99891126
254,0.99573344,0.9896789,0.9802144,0.9992512,0.99394816,0.99891126
255,0.99573344,0.9896789,0.9802144,0.9992512,0.99394816,0.99891126
256,0.99573344,0.9896789,0.9802144,0.9992512,0.99394816,0.99891126
257,0.99573344,0.9896789,0.9802144,0.9992512,0.99394816,0.99891126
258,0.99573344,0.9896789,0.9802144,0.9992512,0.99394816,0.99891126
259,0.99573344,0.9896789,0.9802144,0.9992512,0.99394816,0.99891126
260,0.99573344,0.9896789,0.9802144,0.9992512,0.99394816,0.99891126
261,0.99573344,0.9896789,0.9802144,0.9992512,0.99394816,0.99891126
262,0.99573344,0.9896789,0.9802144,0.9992512,0.99394816,0.99891126
263,0.99573344,0.9896789,0.9802144,0.9992512,0.99394816,0.99891126
264,0.99573344,0.9896789,0.9802144,0.9992512,0.99394816,0.99891126
265,0.99573344,0.9896789,0.9802144,0.9992512,0.99394816,0.99891126
266,0.99573344,0.9896789,0.9802144,0.9992512,0.99394816,0.99891126
267,0.99573344,0.9896789,0.9802144,0.9992512,0.99394816,0.99891126
268,0.99573344,0.9896789,0.9802144,0.9992512,0.99394816,0.99891126
269,0.99573344,0.9896789,0.9802144,0.9992512,0.99394816,0.99891126
270,0.99573344,0.9896789,0.9802144,0.9992512,0.99394816,0.99891126
271,0.99573344,0.9896789,0.9802144,0.9992512,0.99394816,0.99891126
272,0.99573344,0.9896789,0.9802144,0.9992512,0.99394816,0.99891126
273,0.99573344,0.9896789,0.9802144,0.9992512,0.99394816,0.99891126
274,0.99573344,0.9896789,0.9802144,0.9992512,0.99394816,0.99891126
275,0.99573344,0.9896789,0.9802144,0.9992512,0.99394816,0.99891126
276,0.99573344,0.9896789,0.9802144,0.9992512,0.99394816,0.99891126
277,0.99573344,0.9896789,0.9802144,0.9992512,0.99394816,0.99891126
278,0.99573344,0.9896789,0.9802144,0.9992512,0.99394816,0.99891126
279,0.99573344,0.9896789,0.9802144,0.9992512,0.99394816,0.99891126
280,0.99573344,0.9896789,0.9802144,0.9992512,0.99394816,0.99891126
281,0.99573344,0.9896789,0.9802144,0.9992512,0.99394816,0.99891126
282,0.99573344,0.9896789,0.9802144,0.9992512,0.99394816,0.99891126
283,0.99573344,0.9896789,0.9802144,0.9992512,0.99394816,0.99891126
284,0.99573344,0.9896789,0.9802144,0.9992512,0.99394816,0.99891126
285,0.99573344,0.9896789,0.9802144,0.9992512,0.99394816,0.99891126
286,0.99573344,0.9896789,0.9802144,0.9992512,0.99394816,0.99891126
287,0.99573344,0.9896789,0.9802144,0.9992512,0.99394816,0.99891126
288,0.99573344,0.9896789,0.9802144,0.9992512,0.99394816,0.99891126
289,0.99573344,0.9896789,0.9802144,0.9992512,0.99394816,0.99891126
290,0.99573344,0.9896789,0.9802144,0.9992512,0.99394816,0.99891126
291,0.99573344,0.9896789,0.9802144,0.9992512,0.99394816,0.99891126
292,0.99573344,0.9896789,0.9802144,0.9992512,0.99394816,0.99891126
293,0.99573344,0.9896789,0.9802144,0.9992512,0.9939504,0.99891126
294,0.99573344,0.9896789,0.9802144,0.9992512,0.9939504,0.99891126
295,0.99573344,0.9896789,0.9802144,0.9992512,0.9939504,0.99891126
296,0.99573344,0.9896789,0.9802144,0.9992512,0.9939504,0.99891126
297,0.99573344,0.9896789,0.9802144,0.9992512,0.9939504,0.99891126
298,0.99573344,0.9896789,0.9802144,0.9992512,0.9939504,0.99891126
299,0.99573344,0.9896789,0.9802144,0.9992512,0.9939504,0.99891126
300,0.99573344,0.9896789,0.9802144,0.9992512,0.9939504,0.99891126
301,0.99573344,0.9896789,0.9802144,0.9992512,0.9939504,0.99891126
302,0.99573344,0.9896789,0.9802144,0.9992512,0.9939504,0.99891126
303,0.99573344,0.9896789,0.9802144,0.9992512,0.9939504,0.99891126
304,0.99573344,0.9896789,0.9802144,0.9992512,0.9939504,0.99891126
305,0.99573344,0.9896789,0.9802144,0.9992512,0.9939504,0.99891126
306,0.99573344,0.9896789,0.9802144,0.9992512,0.9939504,0.99891126
307,0.99573344,0.9896789,0.9802144,0.9992512,0.9939504,0.99891126
308,0.99573344,0.9896789,0.9802144,0.9992512,0.9939504,0.99891126
309,0.99573344,0.9896789,0.9802144,0.9992512,0.9939504,0.99891126
310,0.99573344,0.9896789,0.9802144,0.9992512,0.9939504,0.99891126
311,0.99573344,0.9896789,0.9802144,0.9992512,0.9939504,0.99891126
312,0.99573344,0.9896789,0.9802144,0.9992512,0.9939504,0.99891126
313,0.99573344,0.9896789,0.9802144,0.9992512,0.9939504,0.99891126
314,0.99573344,0.9896789,0.9802144,0.9992512,0.9939504,0.99891126
315,0.99573344,0.9896789,0.9802144,0.9992512,0.9939504,0.99891126
316,0.99573344,0.9896789,0.9802144,0.9992512,0.9939504,0.99891126
317,0.99573344,0.9896789,0.9802144,0.9992512,0.9939504,0.99891126
318,0.99573344,0.9896789,0.9802144,0.9992512,0.9939504,0.99891126
319,0.99573344,0.9896789,0.9802144,0.9992512,0.9939504,0.99891126
320,0.99573344,0.9896789,0.9802144,0.9992512,0.9939504,0.99891126
321,0.99573344,0.9896789,0.9802144,0.9992512,0.9939504,0.99891126
322,0.99573344,0.9896789,0.9802144,0.9992512,0.9939504,0.99891126
323,0.99573344,0.9896789,0.9802144,0.9992512,0.9939504,0.99891126
324,0.99573344,0.9896789,0.9802144,0.9992512,0.9939504,0.99891126
325,0.99573344,0.9896789,0.9802144,0.9992512,0.9939504,0.99891126
326,0.99573344,0.9896789,0.9802144,0.9992512,0.9939504,0.99891126
327,0.99573344,0.9896789,0.9802144,0.9992512,0.9939504,0.99891126
328,0.99573344,0.9896789,0.9802144,0.9992512,0.9939504,0.99891126
329,0.99573344,0.9896789,0.9802144,0.9992512,0.9939504,0.99891126
330,0.99573344,0.9896789,0.9802144,0.9992512,0.9939504,0.99891126
331,0.99573344,0.9896789,0.9802144,0.9992512,0.9939504,0.99891126
332,0.99573344,0.9896789,0.9802144,0.9992512,0.9939527,0.99891126
333,0.99573344,0.9896789,0.9802144,0.9992512,0.9939527,0.99891126
334,0.99573344,0.9896789,0.9802144,0.9992512,0.9939527,0.99891126
335,0.99573344,0.9896789,0.9802144,0.9992512,0.9939527,0.99891126
336,0.99573344,0.9896789,0.9802144,0.9992512,0.9939527,0.99891126
337,0.99573344,0.9896789,0.9802144,0.9992512,0.9939527,0.99891126
338,0.99573344,0.9896789,0.9802144,0.9992512,0.9939527,0.99891126
339,0.99573344,0.9896789,0.9802144,0.9992512,0.9939527,0.99891126
340,0.99573344,0.9896789,0.9802144,0.9992512,0.9939527,0.99891126
341,0.99573344,0.9896789,0.9802144,0.9992512,0.9939527,0.99891126
342,0.99573344,0.9896789,0.9802144,0.9992512,0.9939527,0.99891126
343,0.99573344,0.9896789,0.9802144,0.9992512,0.9939527,0.99891126
344,0.99573344,0.9896789,0.9802144,0.9992512,0.9939527,0.99891126
345,0.99573344,0.9896789,0.9802144,0.9992512,0.9939527,0.99891126
346,0.99573344,0.9896789,0.9802144,0.9992512,0.9939527,0.99891126
347,0.99573344,0.9896789,0.9802144,0.9992512,0.9939527,0.99891126
348,0.99573344,0.9896789,0.9802144,0.9992512,0.9939527,0.99891126
349,0.99573344,0.9896789,0.9802144,0.9992512,0.9939527,0.99891126
350,0.99573344,0.9896789,0.9802144,0.9992512,0.9939527,0.99891126
351,0.99573344,0.98968863,0.9802144,0.9992512,0.9939527,0.99891126
352,0.99573344,0.98968863,0.9802144,0.9992512,0.9939527,0.99891126
353,0.99573344,0.98968863,0.9802144,0.9992512,0.9939527,0.99891126
354,0.99573344,0.98968863,0.9802144,0.9992512,0.9939527,0.99891126
355,0.99573344,0.98968863,0.9802144,0.9992512,0.9939527,0.99891126
356,0.99573344,0.98968863,0.9802144,0.9992512,0.9939527,0.99891126
357,0.99573344,0.98968863,0.9802144,0.9992512,0.9939527,0.99891126
358,0.99573344,0.98968863,0.9802144,0.9992512,0.9939527,0.99891126
359,0.99573344,0.98968863,0.9802144,0.9992512,0.9939527,0.99891126
360,0.99573344,0.98968863,0.9802144,0.9992512,0.9939527,0.99891126
361,0.99573344,0.98968863,0.9802144,0.9992512,0.9939527,0.99891126
362,0.99573344,0.98968863,0.9802144,0.9992512,0.9939527,0.99891126
363,0.99573344,0.98968863,0.9802144,0.9992512,0.9939527,0.99891126
364,0.99573344,0.98968863,0.9802144,0.9992512,0.9939527,0.99891126
365,0.99573344,0.98968863,0.9802144,0.9992512,0.9939527,0.99891126
366,0.99573344,0.98968863,0.9802144,0.9992512,0.9939527,0.99891126
367,0.99573344,0.98968863,0.9802144,0.9992512,0.9939527,0.99891126
368,0.99573344,0.98968863,0.9802144,0.9992512,0.9939527,0.99891126
369,0.99573344,0.98968863,0.9802144,0.9992512,0.9939527,0.99891126
370,0.99573344,0.98968863,0.9802144,0.9992512,0.9939527,0.99891126
371,0.99573344,0.98968863,0.9802144,0.9992512,0.9939527,0.99891126
372,0.99573344,0.98968863,0.9802144,0.9992512,0.9939527,0.99891126
373,0.99573344,0.98968863,0.9802144,0.9992512,0.9939527,0.99891126
374,0.99573344,0.98968863,0.9802144,0.9992512,0.9939527,0.99891126
375,0.99573344,0.98968863,0.9802144,0.9992512,0.9939527,0.99891126
376,0.99573344,0.98968863,0.9802144,0.9992512,0.9939527,0.99891126
377,0.99573344,0.98968863,0.9802144,0.9992512,0.9939527,0.99891126
378,0.99573344,0.98968863,0.9802144,0.9992512,0.9939527,0.99891126
379,0.99573344,0.98968863,0.9802144,0.9992512,0.9939527,0.99891126
380,0.99573344,0.98968863,0.9802144,0.9992512,0.9939527,0.99891126
381,0.99573344,0.98968863,0.9802144,0.9992512,0.9939527,0.99891126
382,0.99573344,0.98968863,0.9802144,0.9992512,0.9939527,0.99891126
383,0.99573344,0.98968863,0.9802144,0.9992512,0.9939527,0.99891126
384,0.99573344,0.98968863,0.9802144,0.9992512,0.9939527,0.99891126
385,0.99573344,0.98968863,0.9802144,0.9992512,0.9939527,0.99891126
386,0.99573344,0.98968863,0.9802144,0.9992512,0.9939527,0.99891126
387,0.99573344,0.98968863,0.9802144,0.9992512,0.9939527,0.99891126
388,0.99573344,0.98968863,0.9802144,0.9992512,0.9939527,0.99891126
389,0.99573344,0.98968863,0.9802144,0.9992512,0.9939527,0.99891126
390,0.99573344,0.98968863,0.9802144,0.9992512,0.9939527,0.99891126
391,0.99573344,0.98968863,0.9802144,0.9992512,0.9939527,0.99891126
392,0.99573344,0.98968863,0.9802144,0.9992512,0.9939527,0.99891126
393,0.99573344,0.98968863,0.9802144,0.9992512,0.9939527,0.99891126
394,0.99573344,0.98968863,0.9802144,0.9992512,0.9939527,0.99891126
395,0.99573344,0.98968863,0.9802144,0.9992512,0.9939527,0.99891126
396,0.99573344,0.98968863,0.9802144,0.9992512,0.9939527,0.99891126
397,0.99573344,0.98968863,0.9802144,0.9992512,0.9939527,0.99891126
398,0.99573344,0.98968863,0.9802144,0.9992512,0.9939527,0.99891126
399,0.99573344,0.98968863,0.9802144,0.9992512,0.9939527,0.99891126
400,0.99573344,0.98968863,0.9802144,0.9992512,0.9939527,0.99891126
401,0.99573344,0.98968863,0.9802144,0.9992512,0.9939527,0.99891126
402,0.99573344,0.98968863,0.9802144,0.9992512,0.9939527,0.99891126
403,0.99573344,0.98968863,0.9802144,0.9992512,0.9939527,0.99891126
404,0.99573344,0.98968863,0.9802144,0.9992512,0.9939527,0.99891126
405,0.99573344,0.98968863,0.9802144,0.9992512,0.9939527,0.99891126
406,0.99573344,0.98968863,0.9802144,0.9992512,0.9939527,0.99891126
407,0.99573344,0.98968863,0.9802144,0.9992512,0.9939527,0.99891126
408,0.99573344,0.98968863,0.9802144,0.9992512,0.9939527,0.99891126
409,0.99573344,0.98968863,0.9802144,0.9992512,0.9939527,0.99891126
410,0.99573344,0.98968863,0.9802144,0.9992512,0.9939527,0.99891126
411,0.99573344,0.98968863,0.9802144,0.9992512,0.9939527,0.99891126
412,0.99573344,0.98968863,0.9802462,0.9992512,0.9939527,0.99891126
413,0.99573344,0.98968863,0.9802462,0.9992512,0.9939527,0.99891126
414,0.99573344,0.98968863,0.9802462,0.9992512,0.9939527,0.99891126
415,0.99573344,0.98968863,0.9802462,0.9992512,0.9939527,0.99891126
416,0.99573344,0.98968863,0.9802462,0.9992512,0.9939527,0.99891126
417,0.99573344,0.98968863,0.9802462,0.9992512,0.9939527,0.99891126
418,0.99573344,0.98968863,0.9802462,0.9992512,0.9939527,0.99891126
419,0.99573344,0.98968863,0.9802462,0.9992512,0.9939527,0.99891126
420,0.99573344,0.98968863,0.9802462,0.9992512,0.9939527,0.99891126
421,0.99573344,0.98968863,0.9802462,0.9992512,0.9939527,0.99891126
422,0.99573344,0.98968863,0.9802462,0.9992512,0.9939527,0.99891126
423,0.99573344,0.98968863,0.9802462,0.9992512,0.9939527,0.99891126
424,0.99573344,0.98968863,0.9802462,0.9992512,0.9939527,0.99891126
425,0.99573344,0.98968863,0.9802462,0.9992512,0.9939527,0.99891126
426,0.99573344,0.98968863,0.9802462,0.9992512,0.9939527,0.99891126
427,0.99573344,0.98968863,0.9802462,0.9992512,0.9939527,0.99891126
428,0.99573344,0.98968863,0.9802462,0.9992512,0.9939527,0.99891126
429,0.99573344,0.98968863,0.9802462,0.9992512,0.9939527,0.99891126
430,0.99573344,0.98968863,0.9802462,0.9992512,0.9939527,0.99891126
431,0.99573344,0.98968863,0.9802462,0.9992512,0.9939527,0.99891126
432,0.99573344,0.98968863,0.9802462,0.9992512,0.9939527,0.99891126
433,0.99573344,0.98968863,0.9802462,0.9992512,0.9939527,0.99891126
434,0.99573344,0.98968863,0.9802462,0.9992512,0.9939527,0.99891126
435,0.99573344,0.98968863,0.9802462,0.9992512,0.9939527,0.99891126
436,0.99573344,0.98968863,0.9802462,0.9992512,0.9939527,0.99891126
437,0.99573344,0.98968863,0.9802462,0.9992512,0.9939527,0.99891126
438,0.99573344,0.98968863,0.9802462,0.9992512,0.9939527,0.99891126
439,0.99573344,0.98968863,0.9802462,0.9992512,0.9939527,0.99891126
440,0.99573344,0.98968863,0.9802462,0.9992512,0.9939527,0.99891126
441,0.99573344,0.98968863,0.9802462,0.9992512,0.9939527,0.99891126
442,0.99573344,0.98968863,0.9802462,0.9992512,0.9939527,0.99891126
443,0.99573344,0.98968863,0.9802462,0.9992512,0.9939527,0.99891126
444,0.99573344,0.98968863,0.9802462,0.9992512,0.9939527,0.99891126
445,0.99573344,0.98968863,0.9802462,0.9992512,0.9939527,0.99891126
446,0.99573344,0.98968863,0.9802462,0.9992512,0.9939527,0.99891126
447,0.99573344,0.98968863,0.9802462,0.9992512,0.9939527,0.99891126
448,0.99573344,0.98968863,0.9802462,0.9992512,0.9939527,0.99891126
449,0.99573344,0.98968863,0.9802462,0.9992512,0.9939549,0.99891126
450,0.99573344,0.98968863,0.9802462,0.9992512,0.9939549,0.99891126
451,0.99573344,0.98968863,0.9802462,0.9992512,0.9939549,0.99891126
452,0.99573344,0.98968863,0.9802462,0.9992512,0.9939549,0.99891126
453,0.99573344,0.98968863,0.9802462,0.9992512,0.9939549,0.99891126
454,0.99573344,0.98968863,0.9802462,0.9992512,0.9939549,0.99891126
455,0.99573344,0.98968863,0.9802462,0.9992512,0.9939549,0.99891126
456,0.99573344,0.98968863,0.9802462,0.9992512,0.9939549,0.99891126
457,0.99573344,0.98968863,0.9802462,0.9992512,0.9939549,0.99891126
458,0.99573344,0.98968863,0.9802462,0.9992512,0.9939549,0.99891126
459,0.99573344,0.98968863,0.9802462,0.9992512,0.9939549,0.99891126
460,0.99573344,0.98968863,0.9802462,0.9992512,0.9939549,0.99891126
461,0.99573344,0.98968863,0.9802462,0.9992512,0.9939549,0.99891126
462,0.99573344,0.98968863,0.9802462,0.9992512,0.9939549,0.99891126
463,0.99573344,0.98968863,0.9802462,0.9992512,0.9939549,0.99891126
464,0.99573344,0.98968863,0.9802462,0.9992512,0.9939549,0.99891126
465,0.99573344,0.98968863,0.9802462,0.9992512,0.9939549,0.99891126
466,0.99573344,0.98968863,0.9802462,0.9992512,0.9939549,0.99891126
467,0.99573344,0.98968863,0.9802462,0.9992512,0.9939549,0.99891126
468,0.99573344,0.98968863,0.9802462,0.9992512,0.9939549,0.99891126
469,0.99573344,0.98968863,0.9802462,0.9992512,0.9939549,0.99891126
470,0.99573344,0.98968863,0.9802462,0.9992512,0.9939549,0.99891126
471,0.99573344,0.98968863,0.980278,0.9992512,0.9939549,0.99891126
472,0.99573344,0.98968863,0.980278,0.9992512,0.9939549,0.99891126
473,0.99573344,0.98968863,0.980278,0.9992512,0.9939549,0.99891126
474,0.99573344,0.98968863,0.980278,0.9992512,0.9939549,0.99891126
475,0.99573344,0.98968863,0.980278,0.9992512,0.9939549,0.99891126
476,0.99573344,0.98968863,0.980278,0.9992512,0.9939549,0.99891126
477,0.99573344,0.98968863,0.980278,0.9992512,0.9939549,0.99891126
478,0.99573344,0.98968863,0.980278,0.9992512,0.9939549,0.99891126
479,0.99573344,0.98968863,0.980278,0.9992512,0.9939549,0.99891126
480,0.99573344,0.98968863,0.980278,0.9992512,0.9939549,0.99891126
481,0.99573344,0.98968863,0.980278,0.9992512,0.9939549,0.99891126
482,0.99573344,0.98968863,0.980278,0.9992512,0.9939549,0.99891126
483,0.99573344,0.98968863,0.980278,0.9992512,0.9939549,0.99891126
484,0.99573344,0.98968863,0.980278,0.9992512,0.9939549,0.99891126
485,0.99573344,0.98968863,0.980278,0.9992512,0.9939549,0.99891126
486,0.99573344,0.98968863,0.980278,0.9992512,0.9939549,0.99891126
487,0.99573344,0.98968863,0.980278,0.9992512,0.9939549,0.99891126
488,0.99573344,0.98968863,0.980278,0.9992512,0.9939549,0.99891126
489,0.99573344,0.98968863,0.980278,0.9992512,0.9939549,0.99891126
490,0.99573344,0.98968863,0.980278,0.9992512,0.9939549,0.99891126
491,0.99573344,0.98968863,0.980278,0.9992512,0.9939549,0.99891126
492,0.99573344,0.98968863,0.980278,0.9992512,0.9939549,0.99891126
493,0.99573344,0.98968863,0.980278,0.9992512,0.9939549,0.99891126
494,0.99573344,0.98968863,0.980278,0.9992512,0.9939549,0.99891126
495,0.99573344,0.98968863,0.980278,0.9992512,0.9939549,0.99891126
496,0.99573344,0.98968863,0.980278,0.9992512,0.9939549,0.99891126
497,0.99573344,0.98968863,0.980278,0.9992512,0.9939549,0.99891126
498,0.99573344,0.98968863,0.980278,0.9992512,0.9939549,0.99891126
499,0.99573344,0.98968863,0.980278,0.9992512,0.9939549,0.99891126
500,0.99573344,0.98968863,0.980278,0.9992512,0.9939549,0.99891126
501,0.99573344,0.98968863,0.980278,0.9992512,0.9939549,0.99891126
502,0.99573344,0.98968863,0.980278,0.9992512,0.9939549,0.99891126
503,0.99573344,0.98968863,0.980278,0.9992512,0.9939549,0.99891126
504,0.99573344,0.98969835,0.980278,0.9992512,0.9939549,0.99891126
505,0.99573344,0.98969835,0.980278,0.9992512,0.9939549,0.99891126
506,0.99573344,0.98969835,0.980278,0.9992512,0.9939549,0.99891126
507,0.99573344,0.98969835,0.980278,0.9992512,0.9939549,0.99891126
508,0.99573344,0.98969835,0.980278,0.9992512,0.9939549,0.99891126
509,0.99573344,0.98969835,0.980278,0.9992512,0.9939549,0.99891126
510,0.99573344,0.98969835,0.980278,0.9992512,0.9939549,0.99891126
511,0.99573344,0.98969835,0.980278,0.9992512,0.9939549,0.99891126
512,0.99573344,0.98969835,0.980278,0.9992512,0.99395716,0.99891126
513,0.99573344,0.98969835,0.980278,0.9992512,0.99395716,0.99891126
514,0.99573344,0.98969835,0.980278,0.9992512,0.99395716,0.99891126
515,0.99573344,0.98969835,0.980278,0.9992512,0.99395716,0.99891126
516,0.99573344,0.98969835,0.980278,0.9992512,0.99395716,0.99891126
517,0.99573344,0.98969835,0.980278,0.9992512,0.99395716,0.99891126
518,0.99573344,0.98969835,0.980278,0.9992512,0.9939594,0.99891126
519,0.99573344,0.98969835,0.980278,0.9992512,0.9939594,0.99891126
520,0.99573344,0.98969835,0.980278,0.9992512,0.9939594,0.99891126
521,0.99573344,0.98969835,0.980278,0.9992512,0.9939594,0.99891126
522,0.99573344,0.98969835,0.980278,0.9992512,0.9939617,0.99891126
523,0.99573344,0.98969835,0.980278,0.9992512,0.9939617,0.99891126
524,0.99573344,0.98969835,0.980278,0.9992512,0.9939617,0.99891126
525,0.99573344,0.98969835,0.980278,0.9992512,0.9939617,0.99891126
526,0.99573344,0.98969835,0.980278,0.9992512,0.9939617,0.99891126
527,0.99573344,0.98969835,0.980278,0.9992512,0.9939617,0.99891126
528,0.99573344,0.98969835,0.980278,0.9992512,0.9939617,0.99891126
529,0.99573344,0.98969835,0.980278,0.9992512,0.9939617,0.99891126
530,0.99573344,0.98969835,0.980278,0.9992512,0.9939617,0.99891126
531,0.99573344,0.98969835,0.980278,0.9992512,0.9939617,0.99891126
532,0.99573344,0.98969835,0.980278,0.9992512,0.9939617,0.99891126
533,0.99573344,0.98969835,0.980278,0.9992512,0.9939617,0.99891126
534,0.99573344,0.98969835,0.980278,0.9992512,0.9939617,0.99891126
535,0.99573344,0.98969835,0.980278,0.9992512,0.9939617,0.99891126
536,0.99573344,0.98969835,0.980278,0.9992512,0.9939617,0.99891126
537,0.99573344,0.98969835,0.980278,0.9992512,0.9939617,0.99891126
538,0.99573344,0.98969835,0.98030984,0.9992512,0.9939617,0.99891126
539,0.99573344,0.98969835,0.98030984,0.9992512,0.9939617,0.99891126
540,0.99573344,0.98969835,0.98030984,0.9992512,0.9939617,0.99891126
541,0.99573344,0.98969835,0.98030984,0.9992512,0.9939617,0.99891126
542,0.99573344,0.98969835,0.98030984,0.9992512,0.9939617,0.99891126
543,0.99573344,0.98969835,0.98030984,0.9992512,0.9939617,0.99891126
544,0.99573344,0.98969835,0.98030984,0.9992512,0.9939617,0.99891126
545,0.99573344,0.98969835,0.98030984,0.9992512,0.9939617,0.99891126
546,0.99573344,0.98969835,0.98030984,0.9992512,0.9939617,0.99891126
547,0.99573344,0.98969835,0.98030984,0.9992512,0.9939617,0.99891126
548,0.99573344,0.98969835,0.98030984,0.9992512,0.9939617,0.99891126
549,0.99573344,0.98969835,0.98030984,0.9992512,0.9939617,0.99891126
550,0.99573344,0.98969835,0.98030984,0.9992512,0.9939617,0.99891126
551,0.99573344,0.98969835,0.98030984,0.9992512,0.9939617,0.99891126
552,0.99573344,0.98969835,0.98030984,0.9992512,0.9939617,0.99891126
553,0.99573344,0.98969835,0.98030984,0.9992512,0.9939617,0.99891126
554,0.99573344,0.98969835,0.98030984,0.9992512,0.9939617,0.99891126
555,0.99573344,0.98969835,0.98030984,0.9992512,0.9939617,0.99891126
556,0.99573344,0.98969835,0.98030984,0.9992512,0.9939617,0.99891126
557,0.99573344,0.98969835,0.98030984,0.9992512,0.9939617,0.99891126
558,0.99573344,0.98969835,0.98030984,0.9992512,0.9939617,0.99891126
559,0.99573344,0.98969835,0.98030984,0.9992512,0.9939617,0.99891126
560,0.99573344,0.98969835,0.98030984,0.9992512,0.9939617,0.99891126
561,0.99573344,0.98969835,0.98030984,0.9992512,0.9939617,0.99891126
562,0.99573344,0.98969835,0.98030984,0.9992512,0.9939617,0.99891126
563,0.99573344,0.98969835,0.98030984,0.9992512,0.9939617,0.99891126
564,0.99573344,0.98969835,0.98030984,0.9992512,0.9939617,0.99891126
565,0.99573344,0.98969835,0.98030984,0.9992512,0.9939617,0.99891126
566,0.99573344,0.98969835,0.98030984,0.9992512,0.9939617,0.99891126
567,0.99573344,0.98969835,0.98030984,0.9992512,0.9939617,0.99891126
568,0.99573344,0.98969835,0.98030984,0.9992512,0.9939617,0.99891126
569,0.99573344,0.98969835,0.98030984,0.9992512,0.9939617,0.99891126
570,0.99573344,0.98969835,0.98030984,0.9992512,0.9939617,0.99891126
571,0.99573344,0.98969835,0.98030984,0.9992512,0.9939617,0.99891126
572,0.99573344,0.98969835,0.98030984,0.9992512,0.9939617,0.99891126
573,0.99573344,0.98969835,0.98030984,0.9992512,0.9939617,0.99891126
574,0.99573344,0.98969835,0.98030984,0.9992512,0.9939617,0.99891126
575,0.99573344,0.98969835,0.98030984,0.9992512,0.9939617,0.99891126
576,0.99573344,0.98969835,0.98030984,0.9992512,0.9939617,0.99891126
577,0.99573344,0.98969835,0.98030984,0.9992512,0.9939617,0.99891126
578,0.99573344,0.98969835,0.98030984,0.9992512,0.9939617,0.99891126
579,0.99573344,0.98969835,0.98030984,0.9992512,0.9939617,0.99891126
580,0.99573344,0.98969835,0.98030984,0.9992512,0.9939617,0.99891126
581,0.99573344,0.98969835,0.98030984,0.9992512,0.9939617,0.99891126
582,0.99573344,0.98969835,0.98030984,0.9992512,0.9939617,0.99891126
583,0.99573344,0.98969835,0.98030984,0.9992512,0.9939617,0.99891126
584,0.99573344,0.98969835,0.98030984,0.9992512,0.9939617,0.99891126
585,0.99573344,0.98969835,0.98030984,0.9992512,0.9939617,0.99891126
586,0.99573344,0.98969835,0.98030984,0.9992512,0.9939617,0.99891126
587,0.99573344,0.98969835,0.98030984,0.9992512,0.9939617,0.99891126
588,0.99573344,0.98969835,0.98030984,0.9992512,0.9939617,0.99891126
589,0.99573344,0.98969835,0.98030984,0.9992512,0.9939617,0.99891126
590,0.99573344,0.98969835,0.98030984,0.9992512,0.99396396,0.99891126
591,0.99573344,0.98969835,0.98030984,0.9992512,0.99396396,0.99891126
592,0.99573344,0.98969835,0.98030984,0.9992512,0.99396396,0.99891126
593,0.99573344,0.98969835,0.98030984,0.9992512,0.99396396,0.99891126
594,0.99573344,0.98969835,0.98030984,0.9992512,0.99396396,0.99891126
595,0.99573344,0.98969835,0.98030984,0.9992512,0.99396396,0.99891126
596,0.99573344,0.98969835,0.98030984,0.9992512,0.99396396,0.99891126
597,0.99573344,0.98969835,0.98030984,0.9992512,0.99396396,0.99891126
598,0.99573344,0.98969835,0.98030984,0.9992512,0.99396396,0.99891126
599,0.99573344,0.98969835,0.98030984,0.9992512,0.99396396,0.99891126
600,0.99573344,0.98969835,0.98030984,0.9992512,0.99396396,0.99891126
601,0.99573344,0.98969835,0.98030984,0.9992512,0.99396396,0.99891126
602,0.99573344,0.98969835,0.98030984,0.9992512,0.99396396,0.99891126
603,0.99573344,0.98969835,0.98030984,0.9992512,0.99396396,0.99891126
604,0.99573344,0.98969835,0.98030984,0.9992512,0.99396396,0.99891126
605,0.99573344,0.98969835,0.98030984,0.9992512,0.99396396,0.99891126
606,0.99573344,0.98969835,0.98030984,0.9992512,0.9939662,0.99891126
607,0.99573344,0.98969835,0.98030984,0.9992512,0.9939662,0.99891126
608,0.99573344,0.98969835,0.98030984,0.9992512,0.9939662,0.99891126
609,0.99573344,0.98969835,0.98030984,0.9992512,0.9939662,0.99891126
610,0.99573344,0.98969835,0.98030984,0.9992512,0.9939662,0.99891126
611,0.99573344,0.98969835,0.98030984,0.9992512,0.9939662,0.99891126
612,0.99573344,0.98969835,0.98030984,0.9992512,0.9939662,0.99891126
613,0.99573344,0.98969835,0.98030984,0.9992512,0.9939662,0.99891126
614,0.99573344,0.98969835,0.98030984,0.9992512,0.9939662,0.99891126
615,0.99573344,0.98969835,0.98030984,0.9992512,0.9939685,0.99891126
616,0.99573344,0.98969835,0.98030984,0.9992512,0.9939685,0.99891126
617,0.99573344,0.98969835,0.98030984,0.9992512,0.9939685,0.99891126
618,0.99573344,0.98969835,0.98030984,0.9992512,0.9939685,0.99891126
619,0.99573344,0.98969835,0.98030984,0.9992512,0.9939685,0.99891126
620,0.99573344,0.98969835,0.98030984,0.9992512,0.9939685,0.99891126
621,0.99573344,0.98969835,0.98030984,0.9992512,0.9939685,0.99891126
622,0.99573344,0.98969835,0.98030984,0.9992512,0.9939685,0.99891126
623,0.99573344,0.98969835,0.98030984,0.9992512,0.9939685,0.99891126
624,0.99573344,0.98969835,0.98030984,0.9992512,0.9939685,0.99891126
625,0.99573344,0.98969835,0.98030984,0.9992512,0.9939685,0.99891126
626,0.99573344,0.98969835,0.98030984,0.9992512,0.9939685,0.99891126
627,0.99573344,0.98969835,0.98030984,0.9992512,0.9939685,0.99891126
628,0.99573344,0.98969835,0.98030984,0.9992512,0.9939685,0.99891126
629,0.99573344,0.98969835,0.98030984,0.9992512,0.9939685,0.99891126
630,0.99573344,0.98969835,0.98030984,0.9992512,0.9939685,0.99891126
631,0.99573344,0.98969835,0.98030984,0.9992512,0.9939685,0.99891126
632,0.99573344,0.98969835,0.98030984,0.9992512,0.9939685,0.99891126
633,0.99573344,0.98969835,0.98030984,0.9992512,0.9939685,0.99891126
634,0.99573344,0.98969835,0.98030984,0.9992512,0.9939685,0.99891126
635,0.99573344,0.98969835,0.98030984,0.9992512,0.9939685,0.99891126
636,0.99573344,0.989708,0.98030984,0.9992512,0.9939685,0.99891126
637,0.99573344,0.989708,0.98030984,0.9992512,0.9939685,0.99891126
638,0.99573344,0.989708,0.98030984,0.9992512,0.9939685,0.99891126
639,0.99573344,0.989708,0.98030984,0.9992512,0.9939685,0.99891126
640,0.99573344,0.989708,0.98030984,0.9992512,0.9939685,0.99891126
641,0.99573344,0.989708,0.98030984,0.9992512,0.9939685,0.99891126
642,0.99573344,0.989708,0.98030984,0.9992512,0.9939685,0.99891126
643,0.99573344,0.989708,0.98030984,0.9992512,0.9939685,0.99891126
644,0.99573344,0.989708,0.98030984,0.9992512,0.9939685,0.99891126
645,0.99573344,0.989708,0.98030984,0.9992512,0.9939685,0.99891126
646,0.99573344,0.989708,0.98030984,0.9992512,0.9939685,0.99891126
647,0.99573344,0.989708,0.98030984,0.9992512,0.9939685,0.99891126
648,0.99573344,0.989708,0.98030984,0.9992512,0.9939685,0.99891126
649,0.99573344,0.989708,0.98030984,0.9992512,0.9939685,0.99891126
650,0.99573344,0.989708,0.98030984,0.9992512,0.9939685,0.99891126
651,0.99573344,0.989708,0.98030984,0.9992512,0.9939685,0.99891126
652,0.99573344,0.989708,0.98030984,0.9992512,0.9939685,0.99891126
653,0.99573344,0.989708,0.98030984,0.9992512,0.9939685,0.99891126
654,0.99573344,0.989708,0.98030984,0.9992512,0.9939685,0.99891126
655,0.99573344,0.989708,0.98030984,0.9992512,0.9939685,0.99891126
656,0.99573344,0.989708,0.98030984,0.9992512,0.9939685,0.99891126
657,0.99573344,0.989708,0.98030984,0.9992512,0.9939685,0.99891126
658,0.99573344,0.989708,0.98030984,0.9992512,0.9939685,0.99891126
659,0.99573344,0.9897177,0.98030984,0.9992512,0.9939685,0.99891126
660,0.99573344,0.9897177,0.98030984,0.9992512,0.9939707,0.99891126
661,0.99573344,0.9897177,0.98030984,0.9992512,0.9939707,0.99891126
662,0.99573344,0.9897177,0.98030984,0.9992512,0.9939707,0.99891126
663,0.99573344,0.9897177,0.98030984,0.9992512,0.9939707,0.99891126
664,0.99573344,0.9897177,0.98030984,0.9992512,0.9939707,0.99891126
665,0.99573344,0.9897177,0.98030984,0.9992512,0.9939707,0.99891126
666,0.99573344,0.9897177,0.98030984,0.9992512,0.9939707,0.99891126
667,0.99573344,0.9897177,0.98030984,0.9992512,0.9939707,0.99891126
668,0.99573344,0.9897177,0.98030984,0.9992512,0.9939707,0.99891126
669,0.99573344,0.9897177,0.98030984,0.9992512,0.9939707,0.99891126
670,0.99573344,0.9897177,0.98030984,0.9992512,0.9939707,0.99891126
671,0.99573344,0.9897177,0.98030984,0.9992512,0.9939707,0.99891126
672,0.99573344,0.9897177,0.98030984,0.9992512,0.9939707,0.99891126
673,0.99573344,0.9897177,0.98030984,0.9992512,0.9939707,0.99891126
674,0.99573344,0.9897177,0.98030984,0.9992512,0.9939707,0.99891126
675,0.99573344,0.9897177,0.98030984,0.9992512,0.9939707,0.99891126
676,0.99573344,0.9897177,0.98030984,0.9992512,0.9939707,0.99891126
677,0.99573344,0.9897177,0.98030984,0.9992512,0.9939707,0.99891126
678,0.99573344,0.9897177,0.98030984,0.9992512,0.9939707,0.99891126
679,0.99573344,0.9897177,0.98030984,0.9992512,0.9939707,0.99891126
680,0.99573344,0.9897177,0.98030984,0.9992512,0.9939707,0.99891126
681,0.99573344,0.9897177,0.98030984,0.9992512,0.9939707,0.99891126
682,0.99573344,0.9897177,0.98030984,0.9992512,0.9939707,0.99891126
683,0.99573344,0.9897177,0.98030984,0.9992512,0.9939707,0.99891126
684,0.99573344,0.9897177,0.98030984,0.9992512,0.9939707,0.99891126
685,0.99573344,0.9897177,0.98030984,0.9992512,0.9939707,0.99891126
686,0.99573344,0.9897177,0.98030984,0.9992512,0.9939707,0.99891126
687,0.99573344,0.9897177,0.98030984,0.9992512,0.9939707,0.99891126
688,0.99573344,0.9897177,0.98030984,0.9992512,0.9939707,0.99891126
689,0.99573344,0.9897177,0.98030984,0.9992512,0.9939707,0.99891126
690,0.99573344,0.9897177,0.98030984,0.9992512,0.9939707,0.99891126
691,0.99573344,0.9897177,0.98030984,0.9992512,0.9939707,0.99891126
692,0.99573344,0.9897177,0.98030984,0.9992512,0.9939707,0.99891126
693,0.99573344,0.9897177,0.98030984,0.9992512,0.9939707,0.99891126
694,0.99573344,0.9897177,0.98030984,0.9992512,0.9939707,0.99891126
695,0.99573344,0.9897177,0.98030984,0.9992512,0.9939707,0.99891126
696,0.99573344,0.9897177,0.98030984,0.9992512,0.9939707,0.99891126
697,0.99573344,0.9897177,0.98030984,0.9992512,0.9939707,0.99891126
698,0.99573344,0.9897177,0.98030984,0.9992512,0.9939707,0.99891126
699,0.99573344,0.9897177,0.98030984,0.9992512,0.9939707,0.99891126
700,0.99573344,0.9897177,0.98030984,0.9992512,0.9939707,0.99891126
701,0.99573344,0.9897177,0.98030984,0.9992512,0.9939707,0.99891126
702,0.99573344,0.9897177,0.98030984,0.9992512,0.9939707,0.99891126
703,0.99573344,0.9897177,0.98030984,0.9992512,0.9939707,0.99891126
704,0.99573344,0.9897177,0.98030984,0.9992512,0.9939707,0.99891126
705,0.99573344,0.9897177,0.98030984,0.9992512,0.9939707,0.99891126
706,0.99573344,0.9897177,0.98030984,0.9992512,0.9939707,0.99891126
707,0.99573344,0.9897177,0.98030984,0.9992512,0.9939707,0.99891126
708,0.99573344,0.9897177,0.98030984,0.9992512,0.9939707,0.99891126
709,0.99573344,0.9897177,0.98030984,0.9992512,0.9939707,0.99891126
710,0.99573344,0.9897177,0.98030984,0.9992512,0.9939707,0.99891126
711,0.99573344,0.9897177,0.98030984,0.9992512,0.9939707,0.99891126
712,0.99573344,0.9897177,0.98030984,0.9992512,0.9939707,0.99891126
713,0.99573344,0.9897177,0.98030984,0.9992512,0.9939707,0.99891126
714,0.99573344,0.9897177,0.98030984,0.9992512,0.9939707,0.99891126
715,0.99573344,0.9897177,0.98030984,0.9992512,0.9939707,0.99891126
716,0.99573344,0.9897177,0.98030984,0.9992512,0.9939707,0.99891126
717,0.99573344,0.9897177,0.98030984,0.9992512,0.9939707,0.99891126
718,0.99573344,0.9897177,0.98030984,0.9992512,0.9939707,0.99891126
719,0.99573344,0.9897177,0.98030984,0.9992512,0.9939707,0.99891126
720,0.99573344,0.9897177,0.98030984,0.9992512,0.9939707,0.99891126
721,0.99573344,0.9897177,0.98030984,0.9992512,0.9939707,0.99891126
722,0.99573344,0.9897177,0.98030984,0.9992512,0.9939707,0.99891126
723,0.99573344,0.9897177,0.98030984,0.9992512,0.9939707,0.99891126
724,0.99573344,0.9897177,0.98030984,0.9992512,0.9939707,0.99891126
725,0.99573344,0.9897177,0.98030984,0.9992512,0.9939707,0.99891126
726,0.99573344,0.9897177,0.98030984,0.9992512,0.9939707,0.99891126
727,0.99573344,0.9897177,0.98030984,0.9992512,0.9939707,0.99891126
728,0.99573344,0.9897177,0.98030984,0.9992512,0.9939707,0.99891126
729,0.99573344,0.9897177,0.98030984,0.9992512,0.9939707,0.99891126
730,0.99573344,0.9897177,0.98030984,0.9992512,0.9939707,0.99891126
731,0.99573344,0.9897177,0.98030984,0.9992512,0.9939707,0.99891126
732,0.99573344,0.9897177,0.98030984,0.9992512,0.9939707,0.99891126
733,0.99573344,0.9897177,0.98030984,0.9992512,0.9939707,0.99891126
734,0.99573344,0.9897177,0.98030984,0.9992512,0.9939707,0.99891126
735,0.99573344,0.9897177,0.98030984,0.9992512,0.9939707,0.99891126
736,0.99573344,0.9897177,0.98030984,0.9992512,0.9939707,0.99891126
737,0.99573344,0.9897177,0.98030984,0.9992512,0.9939707,0.99891126
738,0.99573344,0.9897177,0.98030984,0.9992512,0.9939707,0.99891126
739,0.99573344,0.9897177,0.98030984,0.9992512,0.9939707,0.99891126
740,0.99573344,0.9897177,0.98030984,0.9992512,0.99397296,0.99891126
741,0.99573344,0.9897177,0.98030984,0.9992512,0.99397296,0.99891126
742,0.99573344,0.9897177,0.98030984,0.9992512,0.99397296,0.99891126
743,0.99573344,0.9897177,0.98030984,0.9992512,0.99397296,0.99891126
744,0.99573344,0.9897177,0.98030984,0.9992512,0.99397296,0.99891126
745,0.99573344,0.9897177,0.98030984,0.9992512,0.99397296,0.99891126
746,0.99573344,0.9897177,0.98030984,0.9992512,0.99397296,0.99891126
747,0.99573344,0.9897177,0.98030984,0.9992512,0.99397296,0.99891126
748,0.99573344,0.9897177,0.98030984,0.9992512,0.99397296,0.99891126
749,0.99573344,0.9897177,0.98030984,0.9992512,0.99397296,0.99891126
750,0.99573344,0.9897177,0.98030984,0.9992512,0.99397296,0.99891126
751,0.99573344,0.9897177,0.98030984,0.9992512,0.99397296,0.99891126
752,0.99573344,0.9897177,0.98030984,0.9992512,0.99397296,0.99891126
753,0.99573344,0.9897177,0.9803416,0.9992512,0.99397296,0.99891126
754,0.99573344,0.9897177,0.9803416,0.9992512,0.99397296,0.99891126
755,0.99573344,0.9897177,0.9803416,0.9992512,0.99397296,0.99891126
756,0.99573344,0.9897177,0.9803416,0.9992512,0.99397296,0.99891126
757,0.99573344,0.9897177,0.9803416,0.9992512,0.99397296,0.99891126
758,0.99573344,0.9897177,0.9803416,0.9992512,0.99397296,0.99891126
759,0.99573344,0.9897177,0.9803416,0.9992512,0.99397296,0.99891126
760,0.99573344,0.9897177,0.9803416,0.9992512,0.99397296,0.99891126
761,0.99573344,0.9897177,0.9803416,0.9992512,0.99397296,0.99891126
762,0.99573344,0.9897177,0.9803416,0.9992512,0.99397296,0.99891126
763,0.99573344,0.9897177,0.9803416,0.9992512,0.99397296,0.99891126
764,0.99573344,0.9897177,0.9803416,0.9992512,0.99397296,0.99891126
765,0.99573344,0.9897177,0.98037344,0.9992512,0.99397296,0.99891126
766,0.99573344,0.9897177,0.98037344,0.9992512,0.99397296,0.99891126
767,0.99573344,0.9897177,0.98037344,0.9992512,0.99397296,0.99891126
768,0.99573344,0.9897177,0.98037344,0.9992512,0.99397296,0.99891126
769,0.99573344,0.9897177,0.98037344,0.9992512,0.99397296,0.99891126
770,0.99573344,0.9897177,0.98037344,0.9992512,0.99397296,0.99891126
771,0.99573344,0.9897177,0.98037344,0.9992512,0.99397296,0.99891126
772,0.99573344,0.9897177,0.98037344,0.9992512,0.99397296,0.99891126
773,0.99573344,0.9897177,0.98037344,0.9992512,0.99397296,0.99891126
774,0.99573344,0.9897177,0.98037344,0.9992512,0.99397296,0.99891126
775,0.99573344,0.9897177,0.98037344,0.9992512,0.99397296,0.99891126
776,0.99573344,0.9897177,0.98037344,0.9992512,0.99397296,0.99891126
777,0.99573344,0.9897177,0.98037344,0.9992512,0.99397296,0.99891126
778,0.99573344,0.9897177,0.98037344,0.9992512,0.99397296,0.99891126
779,0.99573344,0.9897177,0.98037344,0.9992512,0.99397296,0.99891126
780,0.99573344,0.9897177,0.98037344,0.9992512,0.99397296,0.99891126
781,0.99573344,0.9897177,0.98037344,0.9992512,0.99397296,0.99891126
782,0.99573344,0.9897177,0.98037344,0.9992512,0.99397296,0.99891126
783,0.99573344,0.9897177,0.98037344,0.9992512,0.99397296,0.99891126
784,0.99573344,0.9897177,0.98037344,0.9992512,0.99397296,0.99891126
785,0.99573344,0.9897177,0.98037344,0.9992512,0.99397296,0.99891126
786,0.99573344,0.9897177,0.98037344,0.9992512,0.99397296,0.99891126
787,0.99573344,0.9897177,0.98037344,0.9992512,0.9939752,0.99891126
788,0.99573344,0.9897177,0.98037344,0.9992512,0.9939752,0.99891126
789,0.99573344,0.9897177,0.98037344,0.9992512,0.9939752,0.99891126
790,0.99573344,0.9897177,0.98037344,0.9992512,0.9939752,0.99891126
791,0.99573344,0.9897177,0.98037344,0.9992512,0.9939752,0.99891126
792,0.99573344,0.9897177,0.98037344,0.9992512,0.9939752,0.99891126
793,0.99573344,0.9897177,0.98037344,0.9992512,0.9939752,0.99891126
794,0.99573344,0.9897177,0.98037344,0.9992512,0.9939752,0.99891126
795,0.99573344,0.9897177,0.98037344,0.9992512,0.9939752,0.99891126
796,0.99573344,0.9897177,0.98037344,0.9992512,0.9939752,0.99891126
797,0.99573344,0.9897177,0.98037344,0.9992512,0.9939752,0.99891126
798,0.99573344,0.98972744,0.98037344,0.9992512,0.9939752,0.99891126
799,0.99573344,0.98972744,0.98037344,0.9992512,0.9939752,0.99891126
800,0.99573344,0.98972744,0.98037344,0.9992512,0.9939775,0.99891126
801,0.99573344,0.98972744,0.98037344,0.9992512,0.9939775,0.99891126
802,0.99573344,0.98972744,0.98037344,0.9992512,0.9939775,0.99891126
803,0.99573344,0.98972744,0.98037344,0.9992512,0.99397975,0.99891126
804,0.99573344,0.98972744,0.98037344,0.9992512,0.99397975,0.99891126
805,0.99573344,0.98972744,0.98037344,0.9992512,0.99397975,0.99891126
806,0.99573344,0.98972744,0.98037344,0.9992512,0.99397975,0.99891126
807,0.99573344,0.98972744,0.98037344,0.9992512,0.99397975,0.99891126
808,0.99573344,0.98972744,0.98037344,0.9992512,0.993982,0.99891126
809,0.99573344,0.98972744,0.98037344,0.9992512,0.993982,0.99891126
810,0.99573344,0.98972744,0.98037344,0.9992512,0.993982,0.99891126
811,0.99573344,0.98972744,0.98037344,0.9992512,0.993982,0.99891126
812,0.99573344,0.98972744,0.98037344,0.9992512,0.993982,0.99891126
813,0.99573344,0.98972744,0.98037344,0.9992512,0.993982,0.99891126
814,0.99573344,0.98972744,0.98037344,0.9992512,0.993982,0.99891126
815,0.99573344,0.98972744,0.98037344,0.9992512,0.993982,0.99891126
816,0.99573344,0.98972744,0.98037344,0.9992512,0.993982,0.99891126
817,0.99573344,0.98972744,0.98037344,0.9992512,0.993982,0.99891126
818,0.99573344,0.98972744,0.98037344,0.9992512,0.993982,0.99891126
819,0.99573344,0.98972744,0.98037344,0.9992512,0.993982,0.99891126
820,0.99573344,0.98972744,0.98037344,0.9992512,0.9939842,0.99891126
821,0.99573344,0.98972744,0.98037344,0.9992512,0.9939842,0.99891126
822,0.99573344,0.98972744,0.98037344,0.9992512,0.9939842,0.99891126
823,0.99573344,0.98972744,0.98037344,0.9992512,0.9939842,0.99891126
824,0.99573344,0.9897371,0.98037344,0.9992512,0.9939842,0.99891126
825,0.99573344,0.9897371,0.98037344,0.9992512,0.9939865,0.99891126
826,0.99573344,0.9897371,0.98037344,0.9992512,0.9939865,0.99891126
827,0.99573344,0.9897371,0.98037344,0.9992512,0.9939865,0.99891126
828,0.99573344,0.9897371,0.98037344,0.9992512,0.9939865,0.99891126
829,0.99573344,0.9897371,0.98037344,0.9992512,0.9939865,0.99891126
830,0.99573344,0.9897371,0.98037344,0.9992512,0.9939865,0.99891126
831,0.99573344,0.9897371,0.98037344,0.9992512,0.9939865,0.99891126
832,0.99573344,0.9897371,0.98037344,0.9992512,0.9939865,0.99891126
833,0.99573344,0.9897371,0.98037344,0.9992512,0.9939865,0.99891126
834,0.99573344,0.9897371,0.98037344,0.9992512,0.9939865,0.99891126
835,0.99573344,0.9897371,0.98037344,0.9992512,0.9939865,0.99891126
836,0.99573344,0.9897371,0.98037344,0.9992512,0.9939865,0.99891126
837,0.99573344,0.9897371,0.98037344,0.9992512,0.9939865,0.99891126
838,0.99573344,0.9897371,0.98037344,0.9992512,0.9939865,0.99891126
839,0.99573344,0.9897371,0.98037344,0.9992512,0.9939865,0.99891126
840,0.99573344,0.9897371,0.98037344,0.9992512,0.9939865,0.99891126
841,0.99573344,0.9897371,0.98037344,0.9992512,0.9939865,0.99891126
842,0.99573344,0.9897371,0.98037344,0.9992512,0.9939865,0.99891126
843,0.99573344,0.9897371,0.98037344,0.9992512,0.9939865,0.99891126
844,0.99573344,0.9897371,0.98037344,0.9992512,0.99398875,0.99891126
845,0.99573344,0.9897371,0.98037344,0.9992512,0.99398875,0.99891126
846,0.99573344,0.9897371,0.98037344,0.9992512,0.99398875,0.99891126
847,0.99573344,0.9897371,0.98037344,0.9992512,0.99398875,0.99891126
848,0.99573344,0.9897371,0.98037344,0.9992512,0.99398875,0.99891126
849,0.99573344,0.9897371,0.98037344,0.9992512,0.99398875,0.99891126
850,0.99573344,0.9897468,0.98037344,0.9992512,0.99398875,0.99891126
851,0.99573344,0.9897468,0.98037344,0.9992512,0.99398875,0.99891126
852,0.99573344,0.9897468,0.98037344,0.9992512,0.993991,0.99891126
853,0.99573344,0.9897468,0.98037344,0.9992512,0.9939933,0.99891126
854,0.99573344,0.9897468,0.98037344,0.9992512,0.9939933,0.99891126
855,0.99573344,0.9897468,0.98037344,0.9992512,0.9939933,0.99891126
856,0.99573344,0.9897468,0.98037344,0.9992512,0.9939933,0.99891126
857,0.99573344,0.9897468,0.98037344,0.9992512,0.9939933,0.99891126
858,0.99573344,0.9897468,0.98037344,0.9992512,0.9939933,0.99891126
859,0.99573344,0.9897468,0.98037344,0.9992512,0.9939933,0.99891126
860,0.99573344,0.9897468,0.98037344,0.9992512,0.9939933,0.99891126
861,0.99573344,0.9897468,0.98037344,0.9992512,0.9939933,0.99891126
862,0.99573344,0.9897468,0.98037344,0.9992512,0.9939933,0.99891126
863,0.99573344,0.9897468,0.98037344,0.9992512,0.9939933,0.99891126
864,0.99573344,0.9897468,0.98037344,0.9992512,0.9939933,0.99891126
865,0.99573344,0.9897468,0.98037344,0.9992512,0.9939933,0.99891126
866,0.99573344,0.9897468,0.98037344,0.9992512,0.9939933,0.99891126
867,0.995745,0.9897468,0.98037344,0.9992512,0.9939933,0.99891126
868,0.995745,0.9897468,0.98037344,0.9992512,0.9939933,0.99891126
869,0.995745,0.9897468,0.98037344,0.9992512,0.9939933,0.99891126
870,0.995745,0.9897468,0.98037344,0.9992512,0.9939933,0.99891126
871,0.995745,0.9897468,0.98037344,0.9992512,0.9939933,0.99891126
872,0.995745,0.9897468,0.98037344,0.9992512,0.9939933,0.99891126
873,0.995745,0.9897468,0.98037344,0.9992512,0.9939933,0.99891126
874,0.995745,0.9897468,0.98037344,0.9992512,0.9939933,0.99891126
875,0.995745,0.9897468,0.98037344,0.9992512,0.9939933,0.99891126
876,0.995745,0.9897468,0.98037344,0.9992512,0.9939933,0.99891126
877,0.995745,0.9897468,0.98037344,0.9992512,0.9939933,0.99891126
878,0.995745,0.9897468,0.98037344,0.9992512,0.9939933,0.99891126
879,0.995745,0.9897468,0.98037344,0.9992512,0.9939933,0.99891126
880,0.995745,0.9897468,0.98037344,0.9992512,0.9939933,0.99891126
881,0.995745,0.9897468,0.98037344,0.9992512,0.9939933,0.99891126
882,0.995745,0.9897468,0.98037344,0.9992512,0.9939933,0.99891126
883,0.995745,0.9897468,0.98037344,0.9992512,0.9939933,0.99891126
884,0.995745,0.9897468,0.98037344,0.9992512,0.9939933,0.99891126
885,0.995745,0.9897468,0.98037344,0.9992512,0.9939933,0.99891126
886,0.995745,0.9897468,0.98037344,0.9992512,0.9939933,0.99891126
887,0.995745,0.9897468,0.98037344,0.9992512,0.9939933,0.99891126
888,0.995745,0.9897468,0.98037344,0.9992512,0.9939933,0.99891126
889,0.995745,0.9897468,0.98037344,0.9992512,0.9939933,0.99891126
890,0.995745,0.9897468,0.98037344,0.9992512,0.9939933,0.99891126
891,0.995745,0.9897468,0.98037344,0.9992512,0.9939933,0.99891126
892,0.9957565,0.9897468,0.98037344,0.9992512,0.9939933,0.99891126
893,0.9957565,0.9897468,0.98037344,0.9992512,0.9939933,0.99891126
894,0.9957565,0.9897468,0.98037344,0.9992512,0.9939933,0.99891126
895,0.9957565,0.9897468,0.98037344,0.9992512,0.9939933,0.99891126
896,0.9957565,0.9897468,0.98037344,0.9992512,0.9939933,0.99891126
897,0.9957565,0.9897468,0.98037344,0.9992512,0.9939933,0.99891126
898,0.9957565,0.9897468,0.98037344,0.9992512,0.9939933,0.99891126
899,0.9957565,0.9897468,0.98037344,0.9992512,0.9939933,0.99891126
900,0.9957565,0.9897468,0.98037344,0.9992512,0.9939933,0.99891126
901,0.9957565,0.9897468,0.98037344,0.9992512,0.9939933,0.99891126
902,0.9957565,0.9897468,0.98037344,0.9992512,0.9939933,0.99891126
903,0.9957565,0.9897468,0.98037344,0.9992512,0.9939933,0.99891126
904,0.9957565,0.9897468,0.98037344,0.9992512,0.9939933,0.99891126
905,0.9957565,0.9897468,0.98037344,0.9992512,0.9939933,0.99891126
906,0.9957565,0.9897468,0.98037344,0.9992512,0.9939933,0.99891126
907,0.9957565,0.9897468,0.98037344,0.9992512,0.9939933,0.99891126
908,0.9957565,0.9897565,0.98037344,0.9992512,0.9939933,0.99891126
909,0.9957565,0.9897565,0.98037344,0.9992512,0.9939933,0.99891126
910,0.9957565,0.9897565,0.98037344,0.9992512,0.9939933,0.99891126
911,0.9957565,0.9897565,0.98037344,0.9992512,0.9939933,0.99891126
912,0.9957565,0.9897565,0.98037344,0.9992512,0.99399555,0.99891126
913,0.9957565,0.9897565,0.98037344,0.9992512,0.99399555,0.99891126
914,0.9957565,0.9897565,0.98037344,0.9992512,0.99399555,0.99891126
915,0.995768,0.9897565,0.98037344,0.9992512,0.99399555,0.99891126
916,0.995768,0.9897565,0.98037344,0.9992512,0.99399555,0.99891126
917,0.995768,0.9897565,0.98037344,0.9992512,0.99399555,0.99891126
918,0.995768,0.9897565,0.98037344,0.9992512,0.99399555,0.99891126
919,0.995768,0.98976624,0.98037344,0.9992512,0.99399555,0.99891126
920,0.995768,0.98976624,0.98037344,0.9992512,0.99399555,0.99891126
921,0.995768,0.9897759,0.98037344,0.9992512,0.99399555,0.99891126
922,0.995768,0.9897759,0.98037344,0.9992512,0.99399555,0.99891126
923,0.995768,0.9897759,0.98037344,0.9992512,0.99399555,0.99891126
924,0.995768,0.9897759,0.98037344,0.9992512,0.99399555,0.99891126
925,0.995768,0.9897759,0.98037344,0.9992512,0.99399555,0.99891126
926,0.995768,0.9897759,0.98037344,0.9992512,0.99399555,0.99891126
927,0.995768,0.9897759,0.98037344,0.9992512,0.99399555,0.99891126
928,0.995768,0.9897759,0.98037344,0.9992512,0.99399555,0.99891126
929,0.995768,0.9897759,0.98037344,0.9992512,0.99399555,0.99891126
930,0.995768,0.9897759,0.98037344,0.9992512,0.99399555,0.99891126
931,0.995768,0.9897759,0.98037344,0.9992512,0.99399775,0.99891126
932,0.995768,0.9897759,0.98037344,0.9992512,0.99399775,0.99891126
933,0.995768,0.9897759,0.98037344,0.9992512,0.99399775,0.99891126
934,0.995768,0.9897759,0.98037344,0.9992512,0.99399775,0.99891126
935,0.995768,0.9897759,0.98037344,0.9992512,0.99399775,0.99891126
936,0.995768,0.9897759,0.98037344,0.9992512,0.99399775,0.99891126
937,0.995768,0.9897759,0.98037344,0.9992512,0.99399775,0.99891126
938,0.995768,0.9897759,0.98037344,0.9992512,0.99399775,0.99891126
939,0.995768,0.9897759,0.98037344,0.9992512,0.99399775,0.99891126
940,0.995768,0.9897759,0.98037344,0.9992512,0.994,0.99891126
941,0.995768,0.9897759,0.98037344,0.9992512,0.994,0.99891126
942,0.995768,0.9897759,0.98037344,0.9992512,0.994,0.99891126
943,0.995768,0.9897759,0.98037344,0.9992512,0.994,0.99891126
944,0.995768,0.9897759,0.98037344,0.9992512,0.994,0.99891126
945,0.995768,0.9897759,0.98037344,0.9992512,0.994,0.99891126
946,0.995768,0.9897759,0.98037344,0.9992512,0.994,0.99891126
947,0.995768,0.9897759,0.98037344,0.9992512,0.994,0.99891126
948,0.995768,0.9897759,0.98037344,0.9992512,0.994,0.99891126
949,0.995768,0.9897759,0.98037344,0.9992512,0.994,0.99891126
950,0.995768,0.9897759,0.98037344,0.9992512,0.994,0.99891126
951,0.995768,0.9897759,0.98037344,0.9992512,0.994,0.99891126
952,0.995768,0.9897759,0.98037344,0.9992512,0.994,0.99891126
953,0.995768,0.9897759,0.9804053,0.9992512,0.994,0.99891126
954,0.995768,0.9897759,0.9804053,0.9992512,0.994,0.99891126
955,0.995768,0.9897759,0.9804053,0.9992512,0.994,0.99891126
956,0.995768,0.9897759,0.9804053,0.9992512,0.994,0.99891126
957,0.995768,0.9897759,0.9804053,0.9992512,0.994,0.99891126
958,0.995768,0.9897759,0.9804053,0.9992512,0.994,0.99891126
959,0.995768,0.9897759,0.9804053,0.9992512,0.994,0.99891126
960,0.995768,0.9897759,0.98043704,0.9992512,0.994,0.99891126
961,0.995768,0.9897856,0.98043704,0.9992512,0.9940023,0.99891126
962,0.995768,0.9897856,0.98043704,0.9992512,0.9940023,0.99891126
963,0.995768,0.9897856,0.98043704,0.9992512,0.99400455,0.99891126
964,0.995768,0.9897856,0.98043704,0.9992512,0.99400455,0.99891126
965,0.995768,0.9897856,0.98043704,0.9992512,0.99400455,0.99891126
966,0.995768,0.9897856,0.98043704,0.9992512,0.99400455,0.99891126
967,0.995768,0.9897856,0.98043704,0.9992512,0.99400455,0.99891126
968,0.995768,0.9897856,0.98043704,0.9992512,0.99400455,0.99891126
969,0.995768,0.9897856,0.98043704,0.9992512,0.9940068,0.99891126
970,0.995768,0.9897856,0.98043704,0.9992512,0.9940068,0.99891126
971,0.995768,0.9897856,0.98043704,0.9992512,0.9940068,0.99891126
972,0.995768,0.9897856,0.98043704,0.9992512,0.9940091,0.99891126
973,0.995768,0.9897856,0.98043704,0.9992512,0.9940091,0.99891126
974,0.995768,0.9897856,0.98043704,0.9992512,0.9940091,0.99891126
975,0.995768,0.9897856,0.98043704,0.9992512,0.9940091,0.99891126
976,0.995768,0.9897856,0.98043704,0.9992512,0.9940091,0.99891126
977,0.995768,0.9897953,0.98043704,0.9992512,0.9940091,0.99891126
978,0.9957796,0.9897953,0.98043704,0.9992512,0.9940091,0.99891126
979,0.9957796,0.9897953,0.98043704,0.9992512,0.99401134,0.99891126
980,0.9957796,0.98980504,0.98043704,0.9992512,0.99401134,0.99891126
981,0.9957796,0.9898147,0.98043704,0.9992512,0.99401134,0.99891126
982,0.9957796,0.9898244,0.98043704,0.9992512,0.99401134,0.99891126
983,0.9957796,0.9898244,0.98046887,0.9992512,0.99401355,0.99891126
984,0.9957796,0.9898244,0.98046887,0.9992512,0.9940158,0.99891126
985,0.9957796,0.9898244,0.98046887,0.9992512,0.9940158,0.99891126
986,0.9957796,0.98983413,0.98046887,0.9992512,0.9940181,0.99891126
987,0.9957796,0.98984385,0.98046887,0.9992512,0.9940181,0.99891126
988,0.9957796,0.98984385,0.98046887,0.9992512,0.99402034,0.99891126
989,0.9957796,0.98984385,0.98046887,0.9992512,0.9940226,0.99891126
990,0.9957796,0.98984385,0.98046887,0.9992512,0.9940271,0.99891126
991,0.9957796,0.9898632,0.98046887,0.9992512,0.99402934,0.99891126
992,0.9957796,0.98988265,0.98046887,0.9992512,0.9940339,0.99891126
993,0.9957796,0.98988265,0.98046887,0.9992512,0.9940339,0.99891126
994,0.9957796,0.98988265,0.98046887,0.9992512,0.99403614,0.99891126
995,0.9957796,0.989902,0.98046887,0.9992512,0.9940384,0.99891126
996,0.9957911,0.98991174,0.98046887,0.9992512,0.9940429,0.99891126
997,0.99581414,0.98991174,0.98046887,0.9992512,0.9940429,0.99891126
998,0.9958257,0.9899408,0.9805007,0.9992512,0.99404967,0.99891126
999,1.0,1.0,1.0,1.0,1.0,1.0
