,0,1,2,3,4,5
0,0.9984548,0.9964885,0.9905843,0.9985418,0.99575716,0.9989769
1,0.9986393,0.99724513,0.9918249,0.9990147,0.996179,0.9990162
2,0.99866235,0.99728394,0.99192035,0.9990344,0.99623084,0.9990162
3,0.9986739,0.99732274,0.99198395,0.9990344,0.9962421,0.9990162
4,0.9986739,0.99733245,0.9921112,0.9990344,0.9962489,0.9990162
5,0.9986739,0.9973421,0.9921112,0.9990344,0.99625343,0.9990162
6,0.9986739,0.99736154,0.9921112,0.9990344,0.9962647,0.9990162
7,0.9986854,0.99737126,0.9921112,0.99905413,0.99626917,0.9990162
8,0.9987085,0.99737126,0.9921112,0.99905413,0.99627143,0.9990162
9,0.9987085,0.99737126,0.9921112,0.9990738,0.9962737,0.9990162
10,0.9987085,0.9973809,0.9921112,0.9990738,0.99627596,0.9990162
11,0.99872005,0.9973809,0.9921112,0.9990738,0.9962805,0.9990162
12,0.99872005,0.9973906,0.9921112,0.9990738,0.9962805,0.9990162
13,0.99872005,0.9973906,0.9921112,0.9990738,0.9962872,0.9990162
14,0.99872005,0.99740034,0.99214303,0.9990738,0.9962895,0.9990162
15,0.99872005,0.99741006,0.99214303,0.9990738,0.9962895,0.9990162
16,0.99872005,0.9974197,0.99214303,0.9990738,0.996294,0.9990162
17,0.99873155,0.9974585,0.99214303,0.99909353,0.996294,0.9990162
18,0.99873155,0.99746823,0.99214303,0.99909353,0.996294,0.9990162
19,0.99873155,0.9974876,0.99214303,0.99909353,0.996294,0.9990162
20,0.99873155,0.9974973,0.99214303,0.99909353,0.9962963,0.9990162
21,0.99873155,0.9974973,0.99214303,0.99909353,0.9962985,0.9990162
22,0.99873155,0.9974973,0.99214303,0.99909353,0.99630076,0.9990162
23,0.99873155,0.9974973,0.99214303,0.99909353,0.99630076,0.9990162
24,0.99873155,0.9974973,0.99214303,0.99909353,0.99630755,0.9990162
25,0.99873155,0.9974973,0.99214303,0.99909353,0.99630755,0.9990162
26,0.99873155,0.9974973,0.99214303,0.99909353,0.99630755,0.9990162
27,0.9987431,0.99750704,0.99214303,0.99909353,0.9963098,0.9990162
28,0.9987431,0.99750704,0.99214303,0.9991132,0.9963121,0.9990162
29,0.9987431,0.99750704,0.99214303,0.9991132,0.9963121,0.9990162
30,0.9987431,0.99750704,0.99214303,0.9991132,0.9963143,0.9990162
31,0.9987431,0.99750704,0.9921748,0.9991132,0.99631655,0.9990162
32,0.9987431,0.99750704,0.9921748,0.9991132,0.99631655,0.9990162
33,0.9987431,0.99751675,0.9921748,0.9991132,0.9963188,0.9990162
34,0.9987431,0.99751675,0.99220663,0.9991132,0.9963211,0.9990162
35,0.9987431,0.99751675,0.99220663,0.9991132,0.9963211,0.9990162
36,0.9987431,0.99751675,0.99220663,0.9991132,0.99632335,0.9990162
37,0.9987431,0.99751675,0.99220663,0.9991132,0.99632335,0.9990162
38,0.9987431,0.99751675,0.99223846,0.9991132,0.99632335,0.9990162
39,0.9987431,0.99751675,0.99223846,0.9991132,0.9963256,0.9990162
40,0.9987431,0.99751675,0.99223846,0.9991132,0.9963278,0.9990162
41,0.9987431,0.99751675,0.99223846,0.9991132,0.9963278,0.9990162
42,0.9987431,0.9975264,0.99223846,0.9991132,0.9963301,0.9990162
43,0.9987431,0.9975264,0.99223846,0.9991132,0.99633235,0.9990162
44,0.9987431,0.9975264,0.99223846,0.9991132,0.99633235,0.9990162
45,0.9987431,0.9975264,0.99223846,0.9991132,0.99633235,0.9990162
46,0.9987431,0.9975264,0.99223846,0.9991132,0.99633235,0.9990162
47,0.9987431,0.9975264,0.99227023,0.9991132,0.9963346,0.9990162
48,0.9987431,0.9975264,0.99227023,0.9991132,0.9963346,0.9990162
49,0.9987431,0.9975264,0.99227023,0.99913293,0.9963369,0.9990162
50,0.9987431,0.9975264,0.99227023,0.99913293,0.9963369,0.9990162
51,0.9987431,0.9975264,0.99227023,0.99913293,0.9963369,0.9990162
52,0.9987431,0.9975264,0.99230206,0.99913293,0.9963369,0.9990162
53,0.9987431,0.9975264,0.99230206,0.99913293,0.9963369,0.9990162
54,0.9987431,0.9975264,0.9923339,0.99913293,0.9963369,0.9990162
55,0.9987431,0.9975264,0.9923339,0.99913293,0.9963369,0.9990162
56,0.9987431,0.9975264,0.9923339,0.99913293,0.9963369,0.9990162
57,0.9987431,0.9975264,0.9923339,0.99913293,0.9963369,0.9990162
58,0.9987431,0.9975264,0.9923339,0.99913293,0.99633914,0.9990162
59,0.9987431,0.9975264,0.9923339,0.99913293,0.99633914,0.9990162
60,0.9987431,0.9975264,0.9923339,0.99913293,0.99633914,0.9990162
61,0.9987431,0.9975264,0.9923339,0.99913293,0.9963436,0.9990162
62,0.9987431,0.9975264,0.9923339,0.99913293,0.9963459,0.9990162
63,0.9987431,0.9975264,0.9923339,0.99913293,0.9963459,0.9990162
64,0.9987431,0.9975264,0.9923339,0.99913293,0.9963459,0.9990162
65,0.9987431,0.9975264,0.99236566,0.99913293,0.9963459,0.9990162
66,0.9987431,0.9975264,0.99236566,0.99913293,0.9963459,0.9990162
67,0.9987431,0.9975264,0.99236566,0.99913293,0.9963459,0.9990162
68,0.9987431,0.9975264,0.9923975,0.99913293,0.9963459,0.9990162
69,0.9987431,0.9975264,0.9923975,0.99913293,0.9963459,0.9990162
70,0.9987431,0.9975264,0.9923975,0.99913293,0.9963459,0.9990162
71,0.9987431,0.9975264,0.9923975,0.99913293,0.9963459,0.9990162
72,0.9987431,0.9975264,0.9923975,0.99913293,0.9963459,0.9990162
73,0.9987431,0.9975264,0.9923975,0.99915266,0.9963459,0.9990162
74,0.9987431,0.9975264,0.9923975,0.99915266,0.9963504,0.9990162
75,0.9987431,0.9975264,0.9923975,0.99915266,0.9963504,0.9990162
76,0.9987431,0.9975264,0.9923975,0.99915266,0.9963504,0.9990162
77,0.9987431,0.9975264,0.9923975,0.99915266,0.9963504,0.9990162
78,0.9987431,0.9975264,0.9923975,0.99915266,0.9963504,0.9990162
79,0.9987431,0.9975264,0.9923975,0.99915266,0.9963504,0.9990162
80,0.9987431,0.9975264,0.9923975,0.99915266,0.9963527,0.9990162
81,0.9987431,0.9975264,0.9923975,0.99915266,0.9963527,0.9990162
82,0.9987431,0.9975264,0.9923975,0.99915266,0.9963527,0.9990162
83,0.9987431,0.9975264,0.9923975,0.99915266,0.9963527,0.9990162
84,0.9987431,0.9975264,0.9923975,0.99915266,0.99635494,0.9990162
85,0.9987431,0.9975264,0.9923975,0.99915266,0.99635494,0.9990162
86,0.9987431,0.9975264,0.9923975,0.99915266,0.99635494,0.9990162
87,0.9987431,0.9975361,0.9923975,0.99915266,0.99635494,0.9990162
88,0.9987431,0.9975361,0.9923975,0.99915266,0.99635494,0.9990162
89,0.9987431,0.9975361,0.9923975,0.99915266,0.99635494,0.9990162
90,0.9987431,0.9975361,0.9923975,0.99915266,0.99635494,0.9990162
91,0.9987431,0.9975361,0.9923975,0.99915266,0.99635494,0.9990162
92,0.9987431,0.9975361,0.9923975,0.99915266,0.99635494,0.9990162
93,0.9987431,0.9975361,0.9923975,0.99915266,0.99635714,0.9990162
94,0.9987431,0.9975361,0.9923975,0.99915266,0.99635714,0.9990162
95,0.9987431,0.9975361,0.9923975,0.99915266,0.99635714,0.9990162
96,0.9987431,0.9975361,0.9923975,0.99915266,0.99635714,0.9990162
97,0.9987431,0.9975361,0.9923975,0.99915266,0.99635714,0.9990162
98,0.9987431,0.9975361,0.9923975,0.99915266,0.99635714,0.9990162
99,0.9987431,0.9975361,0.9923975,0.99915266,0.99635714,0.9990162
100,0.9987431,0.9975361,0.9923975,0.99915266,0.99635714,0.9990162
101,0.9987431,0.9975361,0.9923975,0.99915266,0.99635714,0.9990162
102,0.9987431,0.9975361,0.9923975,0.99915266,0.99635714,0.9990162
103,0.9987431,0.9975361,0.9923975,0.99915266,0.99635714,0.9990162
104,0.9987431,0.99754584,0.9923975,0.99915266,0.99635714,0.9990162
105,0.9987431,0.99754584,0.9923975,0.99915266,0.99635714,0.9990162
106,0.9987431,0.99754584,0.9923975,0.99915266,0.99635714,0.9990162
107,0.9987431,0.99754584,0.9923975,0.99915266,0.99635714,0.9990162
108,0.9987431,0.99754584,0.9923975,0.99915266,0.99635714,0.9990162
109,0.9987431,0.99754584,0.9923975,0.99915266,0.99635714,0.9990162
110,0.9987431,0.99754584,0.9923975,0.99915266,0.99635714,0.9990162
111,0.9987431,0.99754584,0.9923975,0.99915266,0.99635714,0.9990162
112,0.9987431,0.99754584,0.9923975,0.99915266,0.99635714,0.9990162
113,0.9987431,0.99754584,0.9923975,0.99915266,0.99635714,0.9990162
114,0.9987431,0.99754584,0.9923975,0.99915266,0.99635714,0.9990162
115,0.9987546,0.99754584,0.9923975,0.99915266,0.99635714,0.9990162
116,0.9987546,0.99754584,0.9923975,0.99915266,0.99635714,0.9990162
117,0.9987546,0.99754584,0.9923975,0.99915266,0.99635714,0.9990162
118,0.9987546,0.99754584,0.9924293,0.99915266,0.99635714,0.9990162
119,0.9987546,0.99754584,0.9924293,0.99915266,0.99635714,0.9990162
120,0.9987546,0.99754584,0.9924293,0.99915266,0.99635714,0.9990162
121,0.9987546,0.99754584,0.9924293,0.99915266,0.99635714,0.9990162
122,0.9987546,0.99754584,0.9924293,0.99915266,0.99635714,0.9990162
123,0.9987546,0.99754584,0.9924293,0.99915266,0.99635714,0.9990162
124,0.9987546,0.99754584,0.9924293,0.99915266,0.99635714,0.9990162
125,0.9987546,0.99754584,0.9924293,0.99915266,0.9963594,0.9990162
126,0.9987546,0.99754584,0.9924293,0.99915266,0.9963594,0.9990162
127,0.9987546,0.99754584,0.9924293,0.99915266,0.9963594,0.9990162
128,0.9987546,0.99754584,0.9924293,0.99915266,0.9963594,0.9990162
129,0.9987546,0.99754584,0.9924293,0.99915266,0.9963594,0.9990162
130,0.9987546,0.99754584,0.9924293,0.99915266,0.9963594,0.9990162
131,0.9987662,0.99754584,0.9924293,0.99915266,0.9963594,0.9990162
132,0.9987662,0.99754584,0.9924293,0.99915266,0.9963594,0.9990162
133,0.9987662,0.99754584,0.9924293,0.99915266,0.9963594,0.9990162
134,0.9987662,0.99754584,0.9924293,0.99915266,0.9963594,0.9990162
135,0.9987662,0.99754584,0.9924293,0.99915266,0.9963594,0.9990162
136,0.9987662,0.99754584,0.9924293,0.99915266,0.9963617,0.9990162
137,0.9987662,0.99754584,0.9924293,0.99915266,0.9963617,0.9990162
138,0.9987662,0.99754584,0.9924293,0.99915266,0.9963617,0.9990162
139,0.9987662,0.99754584,0.9924293,0.99915266,0.9963617,0.9990162
140,0.9987662,0.99754584,0.9924293,0.99915266,0.9963617,0.9990162
141,0.9987662,0.99754584,0.9924293,0.99915266,0.9963617,0.9990162
142,0.9987662,0.99754584,0.9924293,0.99915266,0.9963617,0.9990162
143,0.9987662,0.99754584,0.9924293,0.99915266,0.9963617,0.9990162
144,0.9987662,0.99754584,0.9924293,0.99915266,0.9963617,0.9990162
145,0.9987662,0.99755555,0.9924293,0.99915266,0.9963617,0.9990162
146,0.9987662,0.99755555,0.9924293,0.99915266,0.9963617,0.9990162
147,0.9987662,0.99755555,0.9924293,0.99915266,0.9963617,0.9990162
148,0.9987662,0.99755555,0.9924293,0.99915266,0.9963617,0.9990162
149,0.9987662,0.99755555,0.9924293,0.99915266,0.9963617,0.9990162
150,0.9987662,0.99755555,0.9924293,0.99915266,0.9963617,0.9990162
151,0.9987662,0.99755555,0.9924293,0.99915266,0.99636394,0.9990162
152,0.9987662,0.99755555,0.9924293,0.99915266,0.9963662,0.9990162
153,0.9987662,0.99755555,0.9924293,0.99915266,0.9963662,0.9990162
154,0.9987662,0.99755555,0.9924293,0.99915266,0.9963662,0.9990162
155,0.9987662,0.99755555,0.9924293,0.99915266,0.9963707,0.9990162
156,0.9987662,0.99755555,0.9924293,0.99915266,0.9963707,0.9990162
157,0.9987662,0.99755555,0.9924293,0.99915266,0.99637294,0.9990162
158,0.9987662,0.99755555,0.9924293,0.99915266,0.99637294,0.9990162
159,0.9987662,0.99755555,0.9924293,0.99915266,0.99637294,0.9990162
160,0.9987662,0.99755555,0.9924293,0.99915266,0.99637294,0.9990162
161,0.9987777,0.99755555,0.9924293,0.99915266,0.9963752,0.9990162
162,0.9987777,0.99755555,0.9924293,0.99915266,0.9963752,0.9990162
163,0.9987777,0.99755555,0.9924611,0.99915266,0.9963752,0.9990162
164,0.9987777,0.99755555,0.9924611,0.99915266,0.9963752,0.9990162
165,0.9987777,0.99755555,0.9924611,0.99915266,0.9963752,0.9990162
166,0.9987777,0.99755555,0.9924611,0.99915266,0.9963752,0.9990162
167,0.9987777,0.99755555,0.9924611,0.99915266,0.9963752,0.9990162
168,0.9987777,0.99755555,0.9924611,0.99915266,0.9963752,0.9990162
169,0.9987777,0.99755555,0.9924611,0.99915266,0.9963752,0.9990162
170,0.9987777,0.99755555,0.9924611,0.99915266,0.99637747,0.9990162
171,0.9987777,0.99755555,0.9924611,0.99915266,0.99637747,0.9990162
172,0.9987777,0.99755555,0.9924611,0.99915266,0.99637747,0.9990162
173,0.9987777,0.99755555,0.9924611,0.99915266,0.99637747,0.9990162
174,0.9987777,0.99755555,0.9924611,0.99915266,0.99637973,0.9990162
175,0.9987777,0.99755555,0.9924611,0.99915266,0.99637973,0.9990162
176,0.9987777,0.99755555,0.9924611,0.99915266,0.99637973,0.9990162
177,0.9987777,0.99755555,0.9924611,0.99915266,0.99637973,0.9990162
178,0.9987777,0.99755555,0.9924611,0.99915266,0.99637973,0.9990162
179,0.9987777,0.99755555,0.9924611,0.99915266,0.99637973,0.9990162
180,0.9987777,0.99755555,0.9924611,0.99915266,0.99637973,0.9990162
181,0.9987777,0.99755555,0.9924611,0.99915266,0.99637973,0.9990162
182,0.9987777,0.99755555,0.9924611,0.99915266,0.99637973,0.9990162
183,0.9987777,0.99755555,0.9924611,0.99915266,0.99637973,0.9990162
184,0.9987777,0.99755555,0.9924611,0.99915266,0.99637973,0.9990162
185,0.9987777,0.99755555,0.9924611,0.99915266,0.99637973,0.9990162
186,0.9987777,0.9975652,0.9924611,0.99915266,0.996382,0.9990162
187,0.9987777,0.9975652,0.9924611,0.99915266,0.996382,0.9990162
188,0.9987777,0.9975652,0.9924611,0.99915266,0.996382,0.9990162
189,0.9987777,0.9975652,0.9924611,0.99915266,0.996382,0.9990162
190,0.9987777,0.9975652,0.9924611,0.99915266,0.996382,0.9990162
191,0.9987777,0.9975652,0.9924611,0.99915266,0.996382,0.9990162
192,0.9987777,0.9975652,0.9924611,0.99915266,0.996382,0.9990162
193,0.9987777,0.9975652,0.9924611,0.99915266,0.996382,0.9990162
194,0.9987777,0.9975652,0.9924611,0.99915266,0.996382,0.9990162
195,0.9987777,0.9975652,0.9924611,0.99915266,0.996382,0.9990162
196,0.9987777,0.9975652,0.9924611,0.99915266,0.996382,0.9990162
197,0.9987777,0.9975652,0.9924611,0.99915266,0.996382,0.9990162
198,0.9987777,0.9975652,0.9924611,0.99915266,0.996382,0.9990162
199,0.9987777,0.9975652,0.9924611,0.99915266,0.996382,0.9990162
200,0.9987777,0.9975652,0.9924611,0.99915266,0.996382,0.9990162
201,0.9987777,0.9975652,0.9924611,0.99915266,0.9963842,0.9990162
202,0.9987777,0.9975652,0.9924611,0.99915266,0.9963842,0.9990162
203,0.9987777,0.9975652,0.9924611,0.99915266,0.9963842,0.9990162
204,0.9987777,0.9975652,0.9924611,0.99915266,0.9963842,0.9990162
205,0.9987777,0.9975652,0.9924611,0.99915266,0.9963842,0.9990162
206,0.9987777,0.9975652,0.9924611,0.99915266,0.9963842,0.9990162
207,0.9987777,0.9975652,0.9924611,0.99915266,0.9963842,0.9990162
208,0.9987777,0.9975652,0.9924611,0.99915266,0.9963842,0.9990162
209,0.9987777,0.9975652,0.9924929,0.99915266,0.9963842,0.9990162
210,0.9987777,0.9975652,0.9924929,0.99915266,0.9963842,0.9990162
211,0.9987777,0.9975652,0.9924929,0.99915266,0.9963842,0.9990162
212,0.9987777,0.9975749,0.9924929,0.99915266,0.9963842,0.9990162
213,0.9987777,0.9975749,0.9924929,0.99915266,0.9963842,0.9990162
214,0.9987777,0.9975749,0.9924929,0.99915266,0.9963842,0.9990162
215,0.9987777,0.99758464,0.9924929,0.99915266,0.9963842,0.9990162
216,0.9987777,0.99758464,0.9924929,0.99915266,0.9963842,0.9990162
217,0.9987777,0.99758464,0.9924929,0.99915266,0.9963842,0.9990162
218,0.9987777,0.99758464,0.9924929,0.99915266,0.9963842,0.9990162
219,0.9987777,0.99758464,0.9924929,0.99915266,0.9963842,0.9990162
220,0.9987777,0.99758464,0.9924929,0.99915266,0.9963842,0.9990162
221,0.9987777,0.99759436,0.9924929,0.99915266,0.9963842,0.9990162
222,0.9987777,0.99759436,0.9924929,0.99915266,0.9963842,0.9990162
223,0.9987777,0.99759436,0.9924929,0.99915266,0.9963842,0.9990162
224,0.9987777,0.99759436,0.9924929,0.99915266,0.9963842,0.9990162
225,0.9987777,0.99759436,0.9924929,0.99915266,0.9963842,0.9990162
226,0.9987777,0.99759436,0.9924929,0.99915266,0.9963842,0.9990162
227,0.9987777,0.99759436,0.9924929,0.99915266,0.9963842,0.9990162
228,0.9987777,0.99759436,0.9924929,0.99915266,0.9963842,0.9990162
229,0.9987777,0.99759436,0.9924929,0.99915266,0.9963842,0.9990162
230,0.9987777,0.99759436,0.9924929,0.99915266,0.9963842,0.9990162
231,0.9987777,0.99759436,0.9924929,0.99915266,0.9963842,0.9990162
232,0.9987777,0.99759436,0.9924929,0.99915266,0.9963842,0.9990162
233,0.9987777,0.99759436,0.9924929,0.99915266,0.9963842,0.9990162
234,0.9987777,0.99759436,0.9924929,0.99915266,0.9963842,0.9990162
235,0.9987777,0.99759436,0.9924929,0.99915266,0.9963842,0.9990162
236,0.9987777,0.99759436,0.9924929,0.99915266,0.9963842,0.9990162
237,0.9987777,0.99759436,0.99252474,0.99915266,0.9963842,0.9990162
238,0.9987777,0.99759436,0.99252474,0.99915266,0.9963842,0.9990162
239,0.9987777,0.99759436,0.99252474,0.99915266,0.9963842,0.9990162
240,0.9987777,0.99759436,0.99252474,0.99915266,0.99638647,0.9990162
241,0.9987777,0.99759436,0.99252474,0.99915266,0.99638647,0.9990162
242,0.9987777,0.997604,0.99252474,0.99915266,0.99638647,0.9990162
243,0.9987777,0.997604,0.99252474,0.99915266,0.99638647,0.9990162
244,0.9987777,0.997604,0.99252474,0.99915266,0.99638647,0.9990162
245,0.9987777,0.997604,0.99252474,0.99915266,0.99638647,0.9990162
246,0.9987777,0.997604,0.99252474,0.99915266,0.99638647,0.9990162
247,0.9987777,0.997604,0.99252474,0.99915266,0.99638647,0.9990162
248,0.9987777,0.997604,0.99252474,0.99915266,0.99638647,0.9990162
249,0.9987777,0.997604,0.99252474,0.99915266,0.99638647,0.9990162
250,0.9987777,0.997604,0.99252474,0.99915266,0.99638647,0.9990162
251,0.9987777,0.997604,0.99252474,0.99915266,0.99638647,0.9990162
252,0.9987777,0.997604,0.99252474,0.99917233,0.99638647,0.9990162
253,0.9987777,0.997604,0.99252474,0.99917233,0.99638647,0.9990162
254,0.9987777,0.997604,0.99252474,0.99917233,0.99638873,0.9990162
255,0.9987777,0.997604,0.99252474,0.99917233,0.99638873,0.9990162
256,0.9987777,0.997604,0.99252474,0.99917233,0.99638873,0.9990162
257,0.9987777,0.997604,0.99252474,0.99917233,0.99638873,0.9990162
258,0.9987777,0.997604,0.99252474,0.99917233,0.99638873,0.9990162
259,0.9987777,0.997604,0.99252474,0.99917233,0.99638873,0.9990162
260,0.9987777,0.997604,0.99252474,0.99917233,0.99638873,0.9990162
261,0.9987777,0.997604,0.99252474,0.99917233,0.99638873,0.9990162
262,0.9987777,0.997604,0.99252474,0.99917233,0.99638873,0.9990162
263,0.9987777,0.997604,0.99252474,0.99917233,0.99638873,0.9990162
264,0.9987777,0.997604,0.99252474,0.99917233,0.99638873,0.9990162
265,0.9987777,0.997604,0.99252474,0.99917233,0.99638873,0.9990162
266,0.9987777,0.997604,0.99252474,0.99917233,0.99638873,0.9990162
267,0.9987777,0.997604,0.99252474,0.99917233,0.996391,0.9990162
268,0.9987777,0.997604,0.99252474,0.99917233,0.996391,0.9990162
269,0.9987777,0.997604,0.99252474,0.99917233,0.996391,0.9990162
270,0.9987777,0.997604,0.99252474,0.99917233,0.996391,0.9990162
271,0.9987777,0.997604,0.99252474,0.99917233,0.996391,0.9990162
272,0.9987777,0.9976137,0.99252474,0.99917233,0.996391,0.9990162
273,0.9987777,0.9976137,0.99252474,0.99917233,0.996391,0.9990162
274,0.9987777,0.9976137,0.99252474,0.99917233,0.996391,0.9990162
275,0.9987777,0.9976137,0.99252474,0.99917233,0.996391,0.9990162
276,0.9987777,0.9976137,0.99252474,0.99917233,0.99639326,0.9990162
277,0.9987777,0.9976137,0.99252474,0.99917233,0.9963955,0.9990162
278,0.9987777,0.9976137,0.99252474,0.99917233,0.9963955,0.9990162
279,0.9987777,0.9976137,0.99252474,0.99917233,0.9963955,0.9990162
280,0.9987777,0.9976137,0.99252474,0.99917233,0.9963955,0.9990162
281,0.9987777,0.9976137,0.99252474,0.99917233,0.9963955,0.9990162
282,0.9987777,0.9976137,0.99252474,0.99917233,0.9963955,0.9990162
283,0.9987777,0.9976137,0.99252474,0.99917233,0.9963955,0.9990162
284,0.9987777,0.9976137,0.99252474,0.99917233,0.9963955,0.9990162
285,0.9987777,0.9976137,0.99252474,0.99917233,0.9963978,0.9990162
286,0.9987777,0.9976137,0.99252474,0.99917233,0.9964,0.9990162
287,0.9987777,0.9976137,0.99252474,0.99917233,0.9964,0.9990162
288,0.9987777,0.9976137,0.99252474,0.99917233,0.9964,0.9990162
289,0.9987777,0.9976137,0.99252474,0.99917233,0.9964,0.9990162
290,0.9987777,0.9976137,0.99252474,0.99917233,0.9964,0.9990162
291,0.9987777,0.9976137,0.99252474,0.99917233,0.9964,0.9990162
292,0.9987777,0.9976137,0.99252474,0.99917233,0.9964,0.9990162
293,0.9987777,0.9976137,0.99252474,0.99917233,0.9964,0.9990162
294,0.9987777,0.9976137,0.99252474,0.99917233,0.9964,0.9990162
295,0.9987777,0.9976137,0.99252474,0.99917233,0.9964,0.9990162
296,0.9987777,0.9976137,0.99252474,0.99917233,0.9964,0.9990162
297,0.9987777,0.9976137,0.99252474,0.99917233,0.9964,0.9990162
298,0.9987777,0.9976137,0.99252474,0.99917233,0.9964,0.9990162
299,0.9987777,0.9976137,0.99252474,0.99917233,0.9964,0.9990162
300,0.9987777,0.9976137,0.9925565,0.99917233,0.9964,0.9990162
301,0.9987777,0.9976137,0.9925565,0.99917233,0.9964,0.9990162
302,0.9987777,0.9976137,0.9925565,0.99917233,0.9964,0.9990162
303,0.9987777,0.9976137,0.9925565,0.99917233,0.9964,0.9990162
304,0.9987777,0.9976137,0.9925565,0.99917233,0.9964,0.9990162
305,0.9987777,0.9976137,0.9925565,0.99917233,0.9964,0.9990162
306,0.9987777,0.9976137,0.9925565,0.99917233,0.9964,0.9990162
307,0.9987777,0.9976137,0.9925565,0.99917233,0.9964,0.9990162
308,0.9987777,0.9976137,0.9925565,0.99917233,0.9964,0.9990162
309,0.9987777,0.9976137,0.9925565,0.99917233,0.9964,0.9990162
310,0.9987777,0.9976137,0.9925565,0.99917233,0.9964,0.9990162
311,0.9987777,0.9976137,0.9925565,0.99917233,0.9964,0.9990162
312,0.9987777,0.9976137,0.9925565,0.99917233,0.9964,0.9990162
313,0.9987777,0.9976137,0.9925565,0.99917233,0.9964,0.9990162
314,0.9987777,0.9976137,0.9925565,0.99917233,0.9964,0.9990162
315,0.9987777,0.9976137,0.9925565,0.99917233,0.9964,0.9990162
316,0.9987777,0.9976137,0.99258834,0.99917233,0.9964,0.9990162
317,0.9987777,0.9976137,0.99258834,0.99917233,0.9964,0.9990162
318,0.9987777,0.9976137,0.99258834,0.99917233,0.9964,0.9990162
319,0.9987777,0.9976137,0.99258834,0.99917233,0.9964,0.9990162
320,0.9987777,0.9976137,0.99258834,0.99917233,0.9964,0.9990162
321,0.9987777,0.9976137,0.99258834,0.99917233,0.9964,0.9990162
322,0.9987777,0.9976137,0.99258834,0.99917233,0.9964,0.9990162
323,0.9987777,0.9976137,0.99258834,0.99917233,0.9964,0.9990162
324,0.9987777,0.9976137,0.99258834,0.99917233,0.9964,0.9990162
325,0.9987777,0.9976137,0.99258834,0.99917233,0.9964,0.9990162
326,0.9987777,0.9976137,0.99258834,0.99917233,0.9964,0.9990162
327,0.9987777,0.9976137,0.99258834,0.99917233,0.9964,0.9990162
328,0.9987777,0.9976137,0.99258834,0.99917233,0.9964,0.9990162
329,0.9987777,0.9976137,0.99258834,0.99917233,0.9964,0.9990162
330,0.9987777,0.9976137,0.99258834,0.99917233,0.9964,0.9990162
331,0.9987777,0.9976137,0.99258834,0.99917233,0.9964,0.9990162
332,0.9987777,0.9976137,0.99258834,0.99917233,0.9964,0.9990162
333,0.9987777,0.9976137,0.99258834,0.99917233,0.9964,0.9990162
334,0.9987777,0.9976137,0.99258834,0.99917233,0.9964,0.9990162
335,0.9987777,0.9976137,0.99258834,0.99917233,0.9964,0.9990162
336,0.9987777,0.9976137,0.99258834,0.99917233,0.9964,0.9990162
337,0.9987777,0.99762344,0.99258834,0.99917233,0.9964,0.9990162
338,0.9987777,0.99762344,0.99258834,0.99917233,0.9964,0.9990162
339,0.9987777,0.99762344,0.99258834,0.99917233,0.9964,0.9990162
340,0.9987777,0.99762344,0.99258834,0.99917233,0.9964,0.9990162
341,0.9987777,0.99762344,0.99258834,0.99917233,0.9964,0.9990162
342,0.9987777,0.99762344,0.99258834,0.99917233,0.99640226,0.9990162
343,0.9987777,0.99762344,0.99258834,0.99917233,0.99640226,0.9990162
344,0.9987777,0.99762344,0.99258834,0.99917233,0.99640226,0.9990162
345,0.9987777,0.99762344,0.99258834,0.99917233,0.99640226,0.9990162
346,0.9987777,0.99762344,0.99258834,0.99917233,0.99640226,0.9990162
347,0.9987777,0.99762344,0.99258834,0.99917233,0.99640226,0.9990162
348,0.9987777,0.99762344,0.99258834,0.99917233,0.99640226,0.9990162
349,0.9987777,0.99762344,0.99258834,0.99917233,0.99640226,0.9990162
350,0.9987777,0.99762344,0.99258834,0.99917233,0.99640226,0.9990162
351,0.9987777,0.99762344,0.99258834,0.99917233,0.99640226,0.9990162
352,0.9987892,0.99762344,0.99258834,0.99917233,0.99640226,0.9990162
353,0.9987892,0.99762344,0.99258834,0.99917233,0.99640226,0.9990162
354,0.9987892,0.99762344,0.992652,0.99917233,0.99640226,0.9990162
355,0.9987892,0.99762344,0.992652,0.99917233,0.99640226,0.9990162
356,0.9987892,0.99762344,0.992652,0.99917233,0.99640226,0.9990162
357,0.9987892,0.99762344,0.992652,0.99917233,0.99640226,0.9990162
358,0.99880075,0.99762344,0.992652,0.99917233,0.99640226,0.9990162
359,0.99880075,0.99762344,0.992652,0.99917233,0.99640226,0.9990162
360,0.99880075,0.99762344,0.992652,0.99917233,0.99640226,0.9990162
361,0.99880075,0.99762344,0.992652,0.99917233,0.99640226,0.9990162
362,0.99880075,0.99762344,0.992652,0.99917233,0.99640226,0.9990162
363,0.99880075,0.99762344,0.992652,0.99917233,0.99640226,0.9990162
364,0.99880075,0.99762344,0.992652,0.99917233,0.99640226,0.9990162
365,0.99880075,0.99762344,0.992652,0.99917233,0.99640226,0.9990162
366,0.99880075,0.99762344,0.992652,0.99917233,0.99640226,0.9990162
367,0.99880075,0.99762344,0.992652,0.99917233,0.99640226,0.9990162
368,0.99880075,0.99762344,0.99268377,0.99917233,0.99640226,0.9990162
369,0.99880075,0.99762344,0.99268377,0.99917233,0.99640226,0.9990162
370,0.99880075,0.99762344,0.99268377,0.99917233,0.99640226,0.9990162
371,0.99880075,0.99762344,0.99268377,0.99917233,0.99640226,0.9990162
372,0.99880075,0.99762344,0.99268377,0.99917233,0.99640226,0.9990162
373,0.99880075,0.99762344,0.99268377,0.99917233,0.99640226,0.9990162
374,0.99880075,0.99762344,0.99268377,0.99917233,0.99640226,0.9990162
375,0.99880075,0.99762344,0.99268377,0.99917233,0.99640226,0.9990162
376,0.99880075,0.99762344,0.99268377,0.99917233,0.99640226,0.9990162
377,0.99880075,0.99762344,0.99268377,0.99917233,0.99640226,0.9990162
378,0.99880075,0.99762344,0.99268377,0.99917233,0.99640226,0.9990162
379,0.99880075,0.99762344,0.99268377,0.99917233,0.99640226,0.9990162
380,0.99880075,0.99762344,0.99268377,0.99917233,0.99640226,0.9990162
381,0.99880075,0.99762344,0.99268377,0.99917233,0.99640226,0.9990162
382,0.99880075,0.99762344,0.99268377,0.99917233,0.99640226,0.9990162
383,0.99880075,0.99762344,0.99268377,0.99917233,0.99640226,0.9990162
384,0.99880075,0.99762344,0.99268377,0.99917233,0.99640226,0.9990162
385,0.99880075,0.99762344,0.99268377,0.99917233,0.99640226,0.9990162
386,0.99880075,0.99762344,0.99268377,0.99917233,0.99640226,0.9990162
387,0.99880075,0.99762344,0.99268377,0.99917233,0.9964045,0.9990162
388,0.99880075,0.99762344,0.9927156,0.99917233,0.9964045,0.9990162
389,0.99880075,0.99762344,0.9927156,0.99917233,0.9964045,0.9990162
390,0.99880075,0.99762344,0.9927156,0.99917233,0.9964045,0.9990162
391,0.99880075,0.99762344,0.9927156,0.99917233,0.9964045,0.9990162
392,0.99880075,0.99762344,0.9927156,0.99917233,0.9964045,0.9990162
393,0.99880075,0.99762344,0.9927156,0.99917233,0.9964045,0.9990162
394,0.99880075,0.99762344,0.9927156,0.99917233,0.9964045,0.9990162
395,0.99880075,0.99762344,0.9927156,0.99917233,0.9964045,0.9990162
396,0.99880075,0.99762344,0.9927156,0.99917233,0.9964045,0.9990162
397,0.99880075,0.99762344,0.9927156,0.99917233,0.9964045,0.9990162
398,0.99880075,0.99762344,0.9927156,0.99917233,0.9964045,0.9990162
399,0.99880075,0.99762344,0.9927156,0.99917233,0.9964045,0.9990162
400,0.99880075,0.99763316,0.9927156,0.99917233,0.9964045,0.9990162
401,0.99880075,0.99763316,0.9927156,0.99917233,0.9964045,0.9990162
402,0.99880075,0.99763316,0.9927156,0.99917233,0.9964045,0.9990162
403,0.99880075,0.99763316,0.9927156,0.99917233,0.9964045,0.9990162
404,0.99880075,0.99763316,0.9927156,0.99917233,0.9964045,0.9990162
405,0.99880075,0.99763316,0.9927156,0.99917233,0.9964045,0.9990162
406,0.99880075,0.99763316,0.9927156,0.99917233,0.9964045,0.9990162
407,0.99880075,0.99763316,0.9927156,0.99917233,0.9964045,0.9990162
408,0.99880075,0.99763316,0.9927156,0.99917233,0.9964045,0.9990162
409,0.99880075,0.99763316,0.9927156,0.99917233,0.9964045,0.9990162
410,0.99880075,0.99763316,0.9927156,0.99917233,0.9964045,0.9990162
411,0.99880075,0.99763316,0.9927156,0.99917233,0.9964045,0.9990162
412,0.99880075,0.99763316,0.9927156,0.99917233,0.9964045,0.9990162
413,0.99880075,0.99763316,0.9927156,0.99917233,0.9964045,0.9990162
414,0.99880075,0.99763316,0.9927156,0.99917233,0.9964045,0.9990162
415,0.99880075,0.99763316,0.9927156,0.99917233,0.9964045,0.9990162
416,0.99880075,0.99763316,0.9927156,0.99917233,0.9964045,0.9990162
417,0.99880075,0.99763316,0.9927156,0.99917233,0.9964045,0.9990162
418,0.99880075,0.99763316,0.9927156,0.99917233,0.9964045,0.9990162
419,0.99880075,0.99763316,0.9927156,0.99917233,0.9964045,0.9990162
420,0.99880075,0.99763316,0.9927156,0.99917233,0.9964045,0.9990162
421,0.99880075,0.99763316,0.9927156,0.99917233,0.9964045,0.9990162
422,0.99880075,0.99763316,0.9927156,0.99917233,0.9964045,0.9990162
423,0.99880075,0.99763316,0.9927156,0.99917233,0.9964045,0.9990162
424,0.99880075,0.99763316,0.9927156,0.99917233,0.9964045,0.9990162
425,0.99880075,0.99763316,0.9927156,0.99917233,0.9964045,0.9990162
426,0.99880075,0.99763316,0.9927156,0.99917233,0.9964045,0.9990162
427,0.99880075,0.99763316,0.9927156,0.99917233,0.9964045,0.9990162
428,0.99880075,0.99763316,0.9927156,0.99917233,0.9964045,0.9990162
429,0.99880075,0.99763316,0.9927156,0.99917233,0.9964045,0.9990162
430,0.99880075,0.99763316,0.9927156,0.99917233,0.9964045,0.9990162
431,0.99880075,0.99763316,0.9927156,0.99917233,0.9964045,0.9990162
432,0.99880075,0.99763316,0.9927156,0.99917233,0.9964045,0.9990162
433,0.99880075,0.99763316,0.9927156,0.99917233,0.9964045,0.9990162
434,0.99880075,0.99763316,0.9927156,0.99917233,0.9964045,0.9990162
435,0.99880075,0.99763316,0.9927156,0.99917233,0.9964045,0.9990162
436,0.99880075,0.99763316,0.9927156,0.99917233,0.9964045,0.9990162
437,0.99880075,0.99763316,0.9927156,0.99917233,0.9964045,0.9990162
438,0.99880075,0.99763316,0.9927156,0.99917233,0.9964045,0.9990162
439,0.99880075,0.99763316,0.9927156,0.99917233,0.9964045,0.9990162
440,0.99880075,0.99763316,0.9927156,0.99917233,0.9964045,0.9990162
441,0.99880075,0.99763316,0.9927156,0.99917233,0.9964045,0.9990162
442,0.99880075,0.99763316,0.9927156,0.99917233,0.9964045,0.9990162
443,0.99880075,0.99763316,0.9927156,0.99917233,0.9964045,0.9990162
444,0.99880075,0.99763316,0.9927156,0.99917233,0.9964045,0.9990162
445,0.99880075,0.99763316,0.9927156,0.99917233,0.9964045,0.9990162
446,0.99880075,0.99763316,0.9927156,0.99917233,0.9964045,0.9990162
447,0.99880075,0.99763316,0.9927156,0.99917233,0.9964045,0.9990162
448,0.99880075,0.99763316,0.9927156,0.99917233,0.9964045,0.9990162
449,0.99880075,0.99763316,0.9927156,0.99917233,0.9964045,0.9990162
450,0.99880075,0.99763316,0.9927156,0.99917233,0.9964045,0.9990162
451,0.99880075,0.99763316,0.9927156,0.99917233,0.9964045,0.9990162
452,0.99880075,0.99763316,0.9927156,0.99917233,0.9964045,0.9990162
453,0.99880075,0.99763316,0.9927156,0.99917233,0.9964045,0.9990162
454,0.99880075,0.99763316,0.9927156,0.99917233,0.9964045,0.9990162
455,0.99880075,0.99763316,0.9927156,0.99917233,0.9964045,0.9990162
456,0.99880075,0.99763316,0.9927156,0.99917233,0.9964045,0.9990162
457,0.99880075,0.99763316,0.9927474,0.99917233,0.9964045,0.9990162
458,0.99880075,0.99763316,0.9927474,0.99917233,0.9964045,0.9990162
459,0.99880075,0.99763316,0.9927474,0.99917233,0.9964045,0.9990162
460,0.99880075,0.99763316,0.9927474,0.99917233,0.9964045,0.9990162
461,0.99880075,0.99763316,0.9927474,0.99917233,0.9964045,0.9990162
462,0.99880075,0.99763316,0.9927474,0.99917233,0.9964045,0.9990162
463,0.99880075,0.99763316,0.9927474,0.99917233,0.9964045,0.9990162
464,0.99880075,0.99763316,0.9927474,0.99917233,0.9964045,0.9990162
465,0.99880075,0.99763316,0.9927474,0.99917233,0.9964045,0.9990162
466,0.99880075,0.99763316,0.9927474,0.99917233,0.9964045,0.9990162
467,0.99880075,0.99763316,0.9927474,0.99917233,0.9964045,0.9990162
468,0.99880075,0.99763316,0.9927474,0.99917233,0.9964045,0.9990162
469,0.99880075,0.99763316,0.9927474,0.99917233,0.9964045,0.9990162
470,0.99880075,0.99763316,0.9927474,0.99917233,0.9964045,0.9990162
471,0.99880075,0.99763316,0.9927474,0.99917233,0.9964045,0.9990162
472,0.99880075,0.99763316,0.9927474,0.99917233,0.9964045,0.9990162
473,0.99880075,0.99763316,0.9927474,0.99917233,0.9964045,0.9990162
474,0.99880075,0.99763316,0.9927474,0.99917233,0.9964045,0.9990162
475,0.99880075,0.99763316,0.9927474,0.99917233,0.9964045,0.9990162
476,0.99880075,0.99763316,0.9927474,0.99917233,0.9964045,0.9990162
477,0.99880075,0.99763316,0.9927474,0.99917233,0.9964045,0.9990162
478,0.99880075,0.99763316,0.9927474,0.99917233,0.9964045,0.9990162
479,0.99880075,0.99763316,0.9927474,0.99917233,0.9964045,0.9990162
480,0.99880075,0.99763316,0.9927474,0.99917233,0.9964045,0.9990162
481,0.99880075,0.99763316,0.9927474,0.99917233,0.9964045,0.9990162
482,0.99880075,0.99763316,0.9927474,0.99917233,0.9964045,0.9990162
483,0.99880075,0.99763316,0.9927474,0.99917233,0.9964045,0.9990162
484,0.99880075,0.99763316,0.9927474,0.99917233,0.9964045,0.9990162
485,0.99880075,0.99763316,0.9927474,0.99917233,0.9964045,0.9990162
486,0.99880075,0.99763316,0.9927474,0.99917233,0.9964045,0.9990162
487,0.99880075,0.99763316,0.9927474,0.99917233,0.9964045,0.9990162
488,0.99880075,0.99763316,0.9927474,0.99917233,0.9964045,0.9990162
489,0.99880075,0.99763316,0.9927474,0.99917233,0.9964045,0.9990162
490,0.99880075,0.99763316,0.9927474,0.99917233,0.9964045,0.9990162
491,0.99880075,0.99763316,0.9927474,0.99917233,0.9964045,0.9990162
492,0.99880075,0.99763316,0.9927474,0.99917233,0.9964045,0.9990162
493,0.99880075,0.99763316,0.9927474,0.99917233,0.9964045,0.9990162
494,0.99881226,0.99763316,0.9927474,0.99917233,0.9964045,0.9990162
495,0.99881226,0.99763316,0.9927474,0.99917233,0.9964045,0.9990162
496,0.99881226,0.99763316,0.9927474,0.99917233,0.9964045,0.9990162
497,0.99881226,0.99763316,0.9927474,0.99919206,0.9964045,0.9990162
498,0.99881226,0.99763316,0.9927474,0.99919206,0.9964045,0.9990162
499,0.99881226,0.99763316,0.9927474,0.99919206,0.9964045,0.9990162
500,0.99881226,0.99763316,0.9927474,0.99919206,0.9964045,0.9990162
501,0.99881226,0.99763316,0.9927474,0.99919206,0.9964045,0.9990162
502,0.99881226,0.99763316,0.9927474,0.99919206,0.9964045,0.9990162
503,0.99881226,0.99763316,0.9927474,0.99919206,0.9964045,0.9990162
504,0.99881226,0.99763316,0.9927474,0.99919206,0.9964045,0.9990162
505,0.99881226,0.99763316,0.9927474,0.99919206,0.9964045,0.9990162
506,0.99881226,0.99763316,0.9927474,0.99919206,0.9964045,0.9990162
507,0.99881226,0.99763316,0.9927474,0.99919206,0.9964045,0.9990162
508,0.99881226,0.99763316,0.9927474,0.99919206,0.9964045,0.9990162
509,0.99881226,0.99763316,0.9927474,0.99919206,0.9964045,0.9990162
510,0.99881226,0.99763316,0.9927474,0.99919206,0.9964045,0.9990162
511,0.99881226,0.99763316,0.9927474,0.99919206,0.9964045,0.9990162
512,0.99881226,0.99763316,0.9927474,0.99919206,0.9964045,0.9990162
513,0.99881226,0.99763316,0.9927474,0.99919206,0.9964045,0.9990162
514,0.99881226,0.99763316,0.9927474,0.99919206,0.9964045,0.9990162
515,0.99881226,0.99763316,0.9927474,0.99919206,0.9964045,0.9990162
516,0.99881226,0.99763316,0.9927474,0.99919206,0.9964045,0.9990162
517,0.99881226,0.9976428,0.9927474,0.99919206,0.9964045,0.9990162
518,0.99881226,0.9976428,0.9927474,0.99919206,0.9964045,0.9990162
519,0.99881226,0.9976428,0.9927474,0.99919206,0.9964045,0.9990162
520,0.99881226,0.9976428,0.9927474,0.99919206,0.9964045,0.9990162
521,0.99881226,0.9976428,0.9927474,0.99919206,0.9964045,0.9990162
522,0.99881226,0.9976428,0.9927474,0.99919206,0.9964045,0.9990162
523,0.99881226,0.9976428,0.9927474,0.99919206,0.9964045,0.9990162
524,0.99881226,0.99765253,0.9927474,0.99919206,0.9964045,0.9990162
525,0.99881226,0.99765253,0.9927474,0.99919206,0.9964045,0.9990162
526,0.99881226,0.99765253,0.9927474,0.99919206,0.9964045,0.9990162
527,0.99881226,0.99765253,0.9927474,0.99919206,0.9964045,0.9990162
528,0.99881226,0.99765253,0.9927474,0.99919206,0.9964045,0.9990162
529,0.99881226,0.99765253,0.9927474,0.99919206,0.9964068,0.9990162
530,0.99881226,0.99765253,0.9927474,0.99919206,0.9964068,0.9990162
531,0.99881226,0.99765253,0.9927474,0.99919206,0.9964068,0.9990162
532,0.99881226,0.99765253,0.9927474,0.99919206,0.9964068,0.9990162
533,0.99881226,0.99766225,0.9927474,0.99919206,0.9964068,0.9990162
534,0.99881226,0.99767196,0.9927474,0.99919206,0.9964068,0.9990162
535,0.99881226,0.99767196,0.9927474,0.99919206,0.9964068,0.9990162
536,0.99881226,0.99767196,0.9927474,0.99919206,0.9964068,0.9990162
537,0.99881226,0.9976816,0.9927474,0.99919206,0.9964068,0.9990162
538,0.99881226,0.9976816,0.9927474,0.99919206,0.9964068,0.9990162
539,0.99881226,0.99769133,0.9927474,0.99919206,0.9964068,0.9990162
540,0.99881226,0.99769133,0.9927474,0.99919206,0.9964068,0.9990162
541,0.99881226,0.99769133,0.9927474,0.99919206,0.9964068,0.9990162
542,0.99881226,0.99769133,0.9927474,0.99919206,0.9964068,0.9990162
543,0.99881226,0.99769133,0.9927474,0.99919206,0.9964068,0.9990162
544,0.99881226,0.99769133,0.9927474,0.99919206,0.9964068,0.9990162
545,0.99881226,0.99769133,0.9927474,0.99919206,0.9964068,0.9990162
546,0.99881226,0.99769133,0.9927474,0.99919206,0.9964068,0.9990162
547,0.99881226,0.99769133,0.9927474,0.99919206,0.9964068,0.9990162
548,0.99881226,0.99769133,0.9927474,0.99919206,0.9964068,0.9990162
549,0.99881226,0.99769133,0.9927474,0.99919206,0.9964068,0.9990162
550,0.99881226,0.99769133,0.9927474,0.99919206,0.9964068,0.9990162
551,0.99881226,0.99769133,0.9927474,0.99919206,0.9964068,0.9990162
552,0.99881226,0.99769133,0.9927474,0.99919206,0.9964068,0.9990162
553,0.99881226,0.99769133,0.9927474,0.99919206,0.9964068,0.9990162
554,0.99881226,0.99769133,0.9927474,0.99919206,0.9964068,0.9990162
555,0.99881226,0.99770105,0.9927474,0.99919206,0.9964068,0.9990162
556,0.99881226,0.99770105,0.9927474,0.99919206,0.9964068,0.9990162
557,0.99881226,0.99770105,0.9927474,0.99919206,0.9964068,0.9990162
558,0.99881226,0.99770105,0.9927474,0.99919206,0.9964068,0.9990162
559,0.99881226,0.99770105,0.9927474,0.99919206,0.9964068,0.9990162
560,0.99881226,0.99770105,0.9927474,0.99919206,0.9964068,0.9990162
561,0.99881226,0.99770105,0.9927474,0.99919206,0.9964068,0.9990162
562,0.99881226,0.99770105,0.9927474,0.99919206,0.9964068,0.9990162
563,0.99881226,0.99770105,0.9927474,0.99919206,0.9964068,0.9990162
564,0.99881226,0.99770105,0.9927474,0.99919206,0.9964068,0.9990162
565,0.99881226,0.99770105,0.9927474,0.99919206,0.9964068,0.9990162
566,0.99881226,0.99770105,0.9927474,0.99919206,0.9964068,0.9990162
567,0.99881226,0.99770105,0.9927474,0.99919206,0.99640906,0.9990162
568,0.99881226,0.99770105,0.9927474,0.99919206,0.99640906,0.9990162
569,0.99881226,0.99770105,0.9927474,0.99919206,0.99640906,0.9990162
570,0.99881226,0.99770105,0.9927474,0.99919206,0.99640906,0.9990162
571,0.99881226,0.99770105,0.9927474,0.99919206,0.99640906,0.9990162
572,0.99881226,0.99770105,0.9927474,0.99919206,0.99640906,0.9990162
573,0.99881226,0.99770105,0.9927474,0.99919206,0.99640906,0.9990162
574,0.99881226,0.99770105,0.9927474,0.99919206,0.99640906,0.9990162
575,0.99881226,0.99770105,0.9927474,0.99919206,0.99640906,0.9990162
576,0.99881226,0.99770105,0.9927474,0.99919206,0.99640906,0.9990162
577,0.99881226,0.99770105,0.9927474,0.99919206,0.99640906,0.9990162
578,0.99881226,0.99770105,0.9927474,0.99919206,0.99640906,0.9990162
579,0.99881226,0.99770105,0.9927474,0.99919206,0.99640906,0.9990162
580,0.99881226,0.99770105,0.9927474,0.99919206,0.99640906,0.9990162
581,0.99881226,0.99770105,0.9927474,0.99919206,0.99640906,0.9990162
582,0.99881226,0.99770105,0.9927474,0.99919206,0.99640906,0.9990162
583,0.99881226,0.99770105,0.9927474,0.99919206,0.99640906,0.9990162
584,0.99881226,0.99770105,0.9927474,0.99919206,0.99640906,0.9990162
585,0.99881226,0.99770105,0.9927474,0.99919206,0.99640906,0.9990162
586,0.99881226,0.99770105,0.9927474,0.99919206,0.99640906,0.9990162
587,0.99881226,0.99770105,0.9927474,0.99919206,0.99640906,0.9990162
588,0.99881226,0.99770105,0.9927474,0.99919206,0.99640906,0.9990162
589,0.99881226,0.99770105,0.9927474,0.99919206,0.99640906,0.9990162
590,0.99881226,0.99770105,0.9927474,0.99919206,0.99640906,0.9990162
591,0.99881226,0.99770105,0.9927474,0.99919206,0.99640906,0.9990162
592,0.99881226,0.99770105,0.9927474,0.99919206,0.99640906,0.9990162
593,0.99881226,0.99770105,0.9927474,0.99919206,0.99640906,0.9990162
594,0.99881226,0.99770105,0.9927474,0.99919206,0.99640906,0.9990162
595,0.99881226,0.99770105,0.9927474,0.99919206,0.99640906,0.9990162
596,0.99881226,0.99770105,0.9927474,0.99919206,0.99640906,0.9990162
597,0.99881226,0.99770105,0.9927474,0.99919206,0.99640906,0.9990162
598,0.99881226,0.99770105,0.9927474,0.99919206,0.99640906,0.9990162
599,0.99881226,0.99770105,0.9927474,0.99919206,0.99640906,0.9990162
600,0.99881226,0.99770105,0.9927474,0.99919206,0.99640906,0.9990162
601,0.99881226,0.99770105,0.9927474,0.99919206,0.99640906,0.9990162
602,0.99881226,0.99770105,0.9927474,0.99919206,0.99640906,0.9990162
603,0.99881226,0.99770105,0.9927474,0.99919206,0.99640906,0.9990162
604,0.99881226,0.99770105,0.9927474,0.99919206,0.99640906,0.9990162
605,0.99881226,0.99770105,0.9927474,0.99919206,0.99640906,0.9990162
606,0.99881226,0.99770105,0.9927474,0.99919206,0.99640906,0.9990162
607,0.99881226,0.99770105,0.9927474,0.99919206,0.99640906,0.9990162
608,0.99881226,0.99770105,0.9927474,0.99919206,0.99640906,0.9990162
609,0.99881226,0.99770105,0.9927474,0.99919206,0.99640906,0.9990162
610,0.99881226,0.99770105,0.9927474,0.99919206,0.99640906,0.9990162
611,0.99881226,0.99770105,0.9927474,0.99919206,0.99640906,0.9990162
612,0.99881226,0.99770105,0.9927474,0.99919206,0.99640906,0.9990162
613,0.99881226,0.99770105,0.9927474,0.99919206,0.99640906,0.9990162
614,0.99881226,0.99770105,0.9927474,0.99919206,0.9964113,0.9990162
615,0.9988238,0.99770105,0.9927474,0.99919206,0.9964113,0.9990162
616,0.9988238,0.99770105,0.9927474,0.99919206,0.9964113,0.9990162
617,0.9988238,0.99770105,0.9927474,0.99919206,0.9964113,0.9990162
618,0.9988238,0.99770105,0.9927474,0.99919206,0.9964113,0.9990162
619,0.9988238,0.99770105,0.9927474,0.99919206,0.9964113,0.9990162
620,0.9988238,0.99770105,0.9927474,0.99919206,0.9964113,0.9990162
621,0.9988238,0.99770105,0.9927474,0.99919206,0.9964113,0.9990162
622,0.9988238,0.99770105,0.9927474,0.99919206,0.9964113,0.9990162
623,0.9988238,0.99770105,0.9927474,0.99919206,0.9964113,0.9990162
624,0.9988238,0.99770105,0.9927792,0.99919206,0.9964113,0.9990162
625,0.9988238,0.99770105,0.9927792,0.99919206,0.9964113,0.9990162
626,0.9988238,0.99770105,0.9927792,0.99919206,0.9964113,0.9990162
627,0.9988238,0.99770105,0.9927792,0.99919206,0.9964113,0.9990162
628,0.9988238,0.99770105,0.9927792,0.99919206,0.9964113,0.9990162
629,0.9988353,0.99770105,0.9927792,0.99919206,0.9964113,0.9990162
630,0.9988353,0.99770105,0.9927792,0.99919206,0.9964113,0.9990162
631,0.9988353,0.99770105,0.9927792,0.99919206,0.9964113,0.9990162
632,0.9988353,0.99770105,0.9927792,0.99919206,0.9964113,0.9990162
633,0.9988353,0.99770105,0.9927792,0.99919206,0.9964113,0.9990162
634,0.9988353,0.99770105,0.9927792,0.99919206,0.9964113,0.9990162
635,0.9988353,0.99770105,0.9927792,0.99919206,0.9964113,0.9990162
636,0.9988353,0.99770105,0.9927792,0.99919206,0.9964113,0.9990162
637,0.9988353,0.99770105,0.9927792,0.99919206,0.9964113,0.9990162
638,0.9988353,0.99770105,0.9927792,0.99919206,0.9964113,0.9990162
639,0.9988353,0.99770105,0.9927792,0.99919206,0.9964113,0.9990162
640,0.9988353,0.99770105,0.9927792,0.99919206,0.9964113,0.9990162
641,0.9988353,0.99770105,0.9927792,0.99919206,0.9964113,0.9990162
642,0.9988353,0.99770105,0.9927792,0.99919206,0.9964113,0.9990162
643,0.9988353,0.99770105,0.9927792,0.99919206,0.9964113,0.9990162
644,0.9988353,0.99770105,0.9927792,0.99919206,0.9964113,0.9990162
645,0.9988353,0.99770105,0.9927792,0.99919206,0.9964113,0.9990162
646,0.9988353,0.99770105,0.9927792,0.99919206,0.9964113,0.9990162
647,0.9988353,0.99770105,0.9927792,0.99919206,0.9964113,0.9990162
648,0.9988353,0.99770105,0.9927792,0.99919206,0.9964113,0.9990162
649,0.9988353,0.99770105,0.9927792,0.99919206,0.9964113,0.9990162
650,0.9988353,0.99770105,0.9927792,0.99919206,0.9964113,0.9990162
651,0.9988353,0.99770105,0.9927792,0.99919206,0.9964113,0.9990162
652,0.9988353,0.99770105,0.9927792,0.99919206,0.9964113,0.9990162
653,0.9988353,0.99770105,0.9927792,0.99919206,0.9964113,0.9990162
654,0.9988353,0.99770105,0.9927792,0.99919206,0.9964113,0.9990162
655,0.9988353,0.99770105,0.9927792,0.99919206,0.9964135,0.9990162
656,0.9988353,0.99770105,0.9927792,0.99919206,0.9964135,0.9990162
657,0.9988353,0.99770105,0.9927792,0.99919206,0.9964135,0.9990162
658,0.9988353,0.99770105,0.9927792,0.99919206,0.9964135,0.9990162
659,0.9988353,0.99770105,0.9927792,0.99919206,0.9964158,0.9990162
660,0.9988353,0.99770105,0.9927792,0.99919206,0.99641806,0.9990162
661,0.9988353,0.99770105,0.9927792,0.99919206,0.99641806,0.9990162
662,0.9988353,0.99770105,0.9927792,0.99919206,0.99641806,0.9990162
663,0.9988353,0.99771076,0.9927792,0.99919206,0.99641806,0.9990162
664,0.9988353,0.99771076,0.9927792,0.99919206,0.99641806,0.9990162
665,0.9988353,0.99771076,0.9927792,0.99919206,0.99641806,0.9990162
666,0.9988353,0.99771076,0.9927792,0.99919206,0.99641806,0.9990162
667,0.9988353,0.99771076,0.9927792,0.99919206,0.99641806,0.9990162
668,0.9988353,0.99771076,0.9927792,0.99919206,0.9964203,0.9990162
669,0.9988353,0.99771076,0.9927792,0.99919206,0.9964203,0.9990162
670,0.9988353,0.9977204,0.9927792,0.99919206,0.9964203,0.9990162
671,0.9988353,0.9977204,0.9927792,0.99919206,0.9964203,0.9990162
672,0.9988353,0.9977204,0.9927792,0.99919206,0.9964203,0.9990162
673,0.9988353,0.99773014,0.9927792,0.99919206,0.9964203,0.9990162
674,0.9988353,0.99773014,0.9927792,0.99919206,0.9964203,0.9990162
675,0.9988353,0.99773014,0.9927792,0.99919206,0.9964203,0.9990162
676,0.9988353,0.99773014,0.9927792,0.99919206,0.9964203,0.9990162
677,0.9988353,0.99773014,0.9927792,0.99919206,0.9964203,0.9990162
678,0.9988353,0.99773014,0.9927792,0.99919206,0.9964203,0.9990162
679,0.9988353,0.99773014,0.9927792,0.99919206,0.9964203,0.9990162
680,0.9988353,0.99773014,0.9927792,0.99919206,0.9964203,0.9990162
681,0.9988353,0.99773014,0.9927792,0.99919206,0.9964203,0.9990162
682,0.9988353,0.99773014,0.9927792,0.99919206,0.9964203,0.9990162
683,0.9988353,0.99773014,0.9927792,0.99919206,0.9964203,0.9990162
684,0.9988353,0.99773014,0.9927792,0.99919206,0.9964226,0.9990162
685,0.9988353,0.99773014,0.9927792,0.99919206,0.9964226,0.9990162
686,0.9988353,0.99773014,0.9927792,0.99919206,0.9964226,0.9990162
687,0.9988353,0.99773014,0.992811,0.99919206,0.9964226,0.9990162
688,0.9988353,0.99773014,0.992811,0.99919206,0.9964226,0.9990162
689,0.9988469,0.99773014,0.992811,0.99919206,0.9964226,0.9990162
690,0.9988469,0.99773014,0.992811,0.99919206,0.9964271,0.9990162
691,0.9988469,0.99773014,0.992811,0.99919206,0.9964271,0.9990162
692,0.9988469,0.99773014,0.992811,0.99919206,0.9964271,0.9990162
693,0.9988469,0.99773014,0.992811,0.99919206,0.9964271,0.9990162
694,0.9988469,0.99773014,0.992811,0.99919206,0.9964271,0.9990162
695,0.9988469,0.99773014,0.992811,0.99919206,0.9964271,0.9990162
696,0.9988469,0.99773014,0.992811,0.99919206,0.9964271,0.9990162
697,0.9988469,0.99773014,0.992811,0.99919206,0.9964271,0.9990162
698,0.9988469,0.99773014,0.992811,0.99919206,0.9964271,0.9990162
699,0.9988469,0.99773014,0.992811,0.99919206,0.9964271,0.9990162
700,0.9988469,0.99773014,0.992811,0.99919206,0.9964271,0.9990162
701,0.9988469,0.99773014,0.992811,0.99919206,0.9964271,0.9990162
702,0.9988469,0.99773014,0.992811,0.99919206,0.9964271,0.9990162
703,0.9988469,0.99773014,0.992811,0.99919206,0.9964271,0.9990162
704,0.9988469,0.99773014,0.992811,0.99919206,0.9964271,0.9990162
705,0.9988469,0.99773014,0.992811,0.99919206,0.9964293,0.9990162
706,0.9988469,0.99773014,0.992811,0.99919206,0.9964293,0.9990162
707,0.9988469,0.99773014,0.992811,0.99919206,0.9964293,0.9990162
708,0.9988469,0.99773014,0.992811,0.99919206,0.9964293,0.9990162
709,0.9988469,0.99773014,0.992811,0.99919206,0.9964293,0.9990162
710,0.9988469,0.99773014,0.992811,0.99919206,0.9964293,0.9990162
711,0.9988469,0.99773014,0.992811,0.99919206,0.9964293,0.9990162
712,0.9988469,0.99773014,0.992811,0.99919206,0.9964316,0.9990162
713,0.9988469,0.99773985,0.992811,0.99919206,0.9964316,0.9990162
714,0.9988469,0.99773985,0.992811,0.99919206,0.9964316,0.9990162
715,0.9988469,0.99773985,0.992811,0.99919206,0.9964316,0.9990162
716,0.9988469,0.99773985,0.992811,0.99919206,0.9964316,0.9990162
717,0.9988469,0.99773985,0.992811,0.99919206,0.9964316,0.9990162
718,0.9988469,0.99773985,0.992811,0.99919206,0.9964316,0.9990162
719,0.9988469,0.99773985,0.992811,0.99919206,0.9964316,0.9990162
720,0.9988469,0.99773985,0.992811,0.99919206,0.9964316,0.9990162
721,0.9988469,0.99773985,0.992811,0.99919206,0.9964316,0.9990162
722,0.9988469,0.99773985,0.992811,0.99919206,0.9964316,0.9990162
723,0.9988469,0.99773985,0.992811,0.99919206,0.9964316,0.9990162
724,0.9988469,0.99773985,0.992811,0.99919206,0.9964316,0.9990162
725,0.9988469,0.99773985,0.992811,0.99919206,0.9964316,0.9990162
726,0.9988469,0.99773985,0.992811,0.99919206,0.9964316,0.9990162
727,0.9988469,0.99773985,0.992811,0.99919206,0.9964316,0.9990162
728,0.9988469,0.99773985,0.992811,0.99919206,0.9964316,0.9990162
729,0.9988469,0.99773985,0.992811,0.99919206,0.9964316,0.9990162
730,0.9988469,0.99773985,0.992811,0.99919206,0.9964316,0.9990162
731,0.9988469,0.99773985,0.992811,0.99919206,0.9964316,0.9990162
732,0.9988469,0.99773985,0.992811,0.99919206,0.9964316,0.9990162
733,0.9988469,0.99773985,0.992811,0.99919206,0.9964316,0.9990162
734,0.9988469,0.99773985,0.992811,0.99919206,0.9964316,0.9990162
735,0.9988469,0.99773985,0.992811,0.99919206,0.9964316,0.9990162
736,0.9988469,0.99773985,0.992811,0.99919206,0.9964316,0.9990162
737,0.9988469,0.99773985,0.992811,0.99919206,0.9964316,0.9990162
738,0.9988469,0.99773985,0.992811,0.9992118,0.9964316,0.9990162
739,0.9988469,0.99773985,0.992811,0.9992118,0.9964316,0.9990162
740,0.9988469,0.99773985,0.992811,0.9992118,0.9964316,0.9990162
741,0.9988469,0.99773985,0.992811,0.9992118,0.9964316,0.9990162
742,0.9988469,0.99773985,0.992811,0.9992118,0.9964316,0.9990162
743,0.9988469,0.99773985,0.992811,0.9992118,0.9964316,0.9990162
744,0.9988469,0.99773985,0.992811,0.9992118,0.9964316,0.9990162
745,0.9988469,0.99773985,0.992811,0.9992118,0.9964316,0.9990162
746,0.9988469,0.99773985,0.992811,0.9992118,0.9964316,0.9990162
747,0.9988469,0.99773985,0.992811,0.9992118,0.9964316,0.9990162
748,0.9988469,0.99773985,0.992811,0.9992118,0.9964316,0.9990162
749,0.9988469,0.99773985,0.992811,0.9992118,0.9964316,0.9990162
750,0.9988469,0.99773985,0.992811,0.9992118,0.9964316,0.9990162
751,0.9988469,0.99774957,0.992811,0.9992118,0.9964316,0.9990162
752,0.9988469,0.99774957,0.992811,0.9992118,0.9964316,0.9990162
753,0.9988469,0.99774957,0.992811,0.9992118,0.9964316,0.9990162
754,0.9988469,0.99774957,0.992811,0.9992118,0.99643385,0.9990162
755,0.9988469,0.99774957,0.992811,0.9992118,0.99643385,0.9990162
756,0.9988469,0.99774957,0.992811,0.9992118,0.99643385,0.9990162
757,0.9988469,0.99774957,0.992811,0.9992118,0.99643385,0.9990162
758,0.9988469,0.99774957,0.992811,0.9992118,0.99643385,0.9990162
759,0.9988469,0.99774957,0.992811,0.9992118,0.99643385,0.9990162
760,0.9988469,0.99774957,0.992811,0.9992118,0.99643385,0.9990162
761,0.9988469,0.99774957,0.992811,0.9992118,0.99643385,0.9990162
762,0.9988469,0.99774957,0.992811,0.9992118,0.9964361,0.9990162
763,0.9988469,0.99774957,0.992811,0.9992118,0.9964361,0.9990162
764,0.9988469,0.99774957,0.992811,0.9992118,0.9964361,0.9990162
765,0.9988469,0.99774957,0.992811,0.9992118,0.9964361,0.9990162
766,0.9988469,0.99774957,0.992811,0.9992118,0.9964361,0.9990162
767,0.9988469,0.99774957,0.992811,0.9992118,0.9964361,0.9990162
768,0.9988469,0.99774957,0.992811,0.9992118,0.9964361,0.9990162
769,0.9988584,0.99774957,0.992811,0.9992118,0.9964361,0.9990162
770,0.9988584,0.99774957,0.992811,0.9992118,0.9964361,0.9990162
771,0.9988584,0.99774957,0.992811,0.9992118,0.9964361,0.9990162
772,0.9988584,0.99774957,0.992811,0.9992118,0.9964361,0.9990162
773,0.9988584,0.99774957,0.992811,0.9992118,0.9964361,0.9990162
774,0.9988584,0.99774957,0.992811,0.9992118,0.9964361,0.9990162
775,0.9988584,0.99774957,0.992811,0.9992118,0.9964361,0.9990162
776,0.9988584,0.99774957,0.992811,0.9992118,0.9964361,0.9990162
777,0.9988584,0.99774957,0.992811,0.9992118,0.9964361,0.9990162
778,0.9988584,0.99774957,0.992811,0.9992118,0.9964361,0.9990162
779,0.9988584,0.99774957,0.992811,0.9992118,0.9964384,0.9990162
780,0.9988584,0.99774957,0.992811,0.9992118,0.9964384,0.9990162
781,0.9988584,0.99774957,0.992811,0.9992118,0.9964384,0.9990162
782,0.9988584,0.99774957,0.992811,0.9992118,0.9964384,0.9990162
783,0.9988584,0.99774957,0.992811,0.9992118,0.99644065,0.9990162
784,0.9988584,0.99774957,0.992811,0.9992118,0.99644065,0.9990162
785,0.9988584,0.99774957,0.992811,0.9992118,0.99644065,0.9990162
786,0.9988584,0.99774957,0.992811,0.9992118,0.99644065,0.9990162
787,0.9988584,0.99774957,0.992811,0.9992118,0.99644065,0.9990162
788,0.9988584,0.99774957,0.992811,0.9992118,0.99644065,0.9990162
789,0.9988584,0.99774957,0.992811,0.9992118,0.99644065,0.9990162
790,0.9988584,0.99774957,0.992811,0.9992118,0.99644065,0.9990162
791,0.9988584,0.99774957,0.992811,0.9992118,0.99644065,0.9990162
792,0.9988584,0.99774957,0.992811,0.9992118,0.99644065,0.9990162
793,0.9988584,0.99774957,0.992811,0.9992118,0.99644065,0.9990162
794,0.9988584,0.99774957,0.992811,0.9992118,0.99644065,0.9990162
795,0.9988584,0.99774957,0.992811,0.9992118,0.99644065,0.9990162
796,0.9988584,0.99774957,0.992811,0.9992118,0.99644065,0.9990162
797,0.9988584,0.99774957,0.992811,0.9992118,0.99644065,0.9990162
798,0.9988584,0.99774957,0.992811,0.9992118,0.99644065,0.9990162
799,0.9988584,0.99774957,0.992811,0.9992118,0.99644065,0.9990162
800,0.9988584,0.9977592,0.992811,0.9992118,0.99644285,0.9990162
801,0.9988584,0.9977592,0.99284285,0.9992118,0.99644285,0.9990162
802,0.9988584,0.9977592,0.99284285,0.9992118,0.99644285,0.9990162
803,0.9988584,0.9977592,0.99284285,0.9992118,0.99644285,0.9990162
804,0.9988584,0.9977592,0.99284285,0.9992118,0.99644285,0.9990162
805,0.9988584,0.9977592,0.99284285,0.9992118,0.99644285,0.9990162
806,0.9988584,0.9977592,0.99284285,0.9992118,0.99644285,0.9990162
807,0.9988584,0.9977592,0.99284285,0.9992118,0.99644285,0.9990162
808,0.9988584,0.9977592,0.99284285,0.9992118,0.99644285,0.9990162
809,0.9988584,0.9977592,0.99284285,0.9992118,0.99644285,0.9990162
810,0.9988584,0.9977592,0.9928746,0.9992118,0.99644285,0.9990162
811,0.99886996,0.9977592,0.9928746,0.9992118,0.9964474,0.9990162
812,0.99886996,0.9977592,0.9928746,0.9992118,0.99644965,0.9990162
813,0.99886996,0.9977592,0.9928746,0.9992118,0.99644965,0.9990162
814,0.99886996,0.9977592,0.9928746,0.9992118,0.9964519,0.9990162
815,0.99886996,0.9977592,0.9928746,0.9992118,0.9964519,0.9990162
816,0.99886996,0.9977592,0.9928746,0.9992118,0.9964519,0.9990162
817,0.99886996,0.9977592,0.9928746,0.9992118,0.9964519,0.9990162
818,0.99886996,0.9977592,0.9928746,0.9992118,0.9964519,0.9990162
819,0.99886996,0.9977592,0.9928746,0.9992118,0.9964519,0.9990162
820,0.99886996,0.9977592,0.9928746,0.9992118,0.9964519,0.9990162
821,0.99886996,0.9977592,0.9928746,0.9992118,0.9964519,0.9990162
822,0.99886996,0.9977592,0.9928746,0.9992118,0.9964519,0.9990162
823,0.99886996,0.9977592,0.9928746,0.9992118,0.9964519,0.9990162
824,0.99886996,0.9977592,0.9928746,0.9992118,0.9964519,0.9990162
825,0.99886996,0.9977592,0.9928746,0.9992118,0.9964519,0.9990162
826,0.99886996,0.9977592,0.9928746,0.9992118,0.9964519,0.9990162
827,0.99886996,0.9977592,0.9928746,0.9992118,0.9964519,0.9990162
828,0.99886996,0.9977592,0.9928746,0.9992118,0.9964519,0.9990162
829,0.99886996,0.9977592,0.9928746,0.9992118,0.9964519,0.9990162
830,0.99886996,0.9977592,0.9928746,0.9992118,0.9964519,0.9990162
831,0.99886996,0.9977592,0.9928746,0.9992118,0.9964519,0.9990162
832,0.99886996,0.9977592,0.9928746,0.9992118,0.9964542,0.9990162
833,0.99886996,0.9977592,0.9928746,0.9992118,0.9964542,0.9990162
834,0.99886996,0.9977592,0.9928746,0.9992118,0.9964542,0.9990162
835,0.99886996,0.9977592,0.9928746,0.9992118,0.9964542,0.9990162
836,0.99886996,0.9977592,0.9928746,0.9992118,0.9964542,0.9990162
837,0.99886996,0.9977592,0.9928746,0.9992118,0.9964542,0.9990162
838,0.99886996,0.9977592,0.9928746,0.99923146,0.9964542,0.9990162
839,0.99886996,0.9977592,0.9928746,0.99923146,0.9964542,0.9990162
840,0.99886996,0.9977592,0.9928746,0.99923146,0.9964542,0.9990162
841,0.99886996,0.9977592,0.9928746,0.99923146,0.9964542,0.9990162
842,0.99886996,0.99776894,0.9928746,0.99923146,0.9964564,0.9990162
843,0.99886996,0.99776894,0.99290645,0.99923146,0.9964564,0.9990162
844,0.99886996,0.99776894,0.99290645,0.99923146,0.9964564,0.9990162
845,0.99886996,0.99776894,0.99290645,0.99923146,0.99645865,0.9990162
846,0.99886996,0.99776894,0.99290645,0.99923146,0.99645865,0.9990162
847,0.99886996,0.99777865,0.99290645,0.99923146,0.99645865,0.9990162
848,0.99886996,0.99777865,0.99290645,0.99923146,0.99645865,0.9990162
849,0.99886996,0.99777865,0.99290645,0.99923146,0.9964632,0.9990162
850,0.99886996,0.99777865,0.99290645,0.99923146,0.99646544,0.9990162
851,0.99886996,0.99777865,0.99290645,0.99923146,0.99646544,0.9990162
852,0.99886996,0.99777865,0.99290645,0.99923146,0.99646544,0.9990162
853,0.99886996,0.99777865,0.99290645,0.99923146,0.99646544,0.9990162
854,0.99886996,0.99777865,0.99290645,0.99923146,0.99646544,0.9990162
855,0.99886996,0.99777865,0.99290645,0.99923146,0.99646544,0.9990162
856,0.99886996,0.99777865,0.99290645,0.99923146,0.99646544,0.9990162
857,0.99886996,0.99777865,0.99290645,0.99923146,0.99646544,0.9990162
858,0.99886996,0.99777865,0.99290645,0.99923146,0.99646544,0.9990162
859,0.99886996,0.99777865,0.99290645,0.99923146,0.99646544,0.9990162
860,0.99886996,0.99777865,0.99290645,0.99923146,0.99646544,0.9990162
861,0.99886996,0.99777865,0.99290645,0.99923146,0.99646544,0.9990162
862,0.99886996,0.99777865,0.99290645,0.99923146,0.99646544,0.9990162
863,0.99886996,0.99777865,0.99290645,0.99923146,0.99646544,0.9990162
864,0.99886996,0.99777865,0.99290645,0.99923146,0.99646544,0.9990162
865,0.99886996,0.99777865,0.9929383,0.99923146,0.99646544,0.9990162
866,0.99886996,0.99777865,0.9929383,0.99923146,0.99646544,0.9990162
867,0.99886996,0.99777865,0.9929383,0.99923146,0.99646544,0.9990162
868,0.99886996,0.99777865,0.9929383,0.99923146,0.99646544,0.9990162
869,0.99886996,0.99777865,0.99297005,0.99923146,0.99646544,0.9990162
870,0.99886996,0.99777865,0.99297005,0.99923146,0.99646544,0.9990162
871,0.99886996,0.99778837,0.99297005,0.99923146,0.99646544,0.9990162
872,0.99886996,0.99778837,0.99297005,0.99923146,0.99646544,0.9990162
873,0.99886996,0.99778837,0.99297005,0.99923146,0.99646544,0.9990162
874,0.99886996,0.99778837,0.99297005,0.99923146,0.99646544,0.9990162
875,0.99886996,0.99778837,0.99297005,0.99923146,0.99646544,0.9990162
876,0.99886996,0.99778837,0.99297005,0.99923146,0.99646544,0.9990162
877,0.99886996,0.99778837,0.99297005,0.99923146,0.99646544,0.9990162
878,0.99886996,0.99778837,0.99297005,0.99923146,0.99646544,0.9990162
879,0.99886996,0.99778837,0.99297005,0.99923146,0.99646544,0.9990162
880,0.99886996,0.99778837,0.99297005,0.99923146,0.99646544,0.9990162
881,0.99886996,0.99778837,0.99297005,0.99923146,0.99646544,0.9990162
882,0.99886996,0.99778837,0.99297005,0.99923146,0.99646544,0.9990162
883,0.99886996,0.99778837,0.99297005,0.99923146,0.9964677,0.9990162
884,0.99886996,0.99778837,0.99297005,0.99923146,0.99647,0.9990162
885,0.99886996,0.99778837,0.99297005,0.99923146,0.99647,0.9990162
886,0.99886996,0.99778837,0.99297005,0.99923146,0.99647,0.9990162
887,0.99886996,0.99778837,0.99297005,0.99923146,0.99647,0.9990162
888,0.99886996,0.99778837,0.99297005,0.99923146,0.99647,0.9990162
889,0.99886996,0.99778837,0.99297005,0.99923146,0.99647,0.9990162
890,0.99886996,0.99778837,0.99297005,0.99923146,0.99647,0.9990162
891,0.99886996,0.99778837,0.99297005,0.99923146,0.99647,0.9990162
892,0.99886996,0.997798,0.99297005,0.99923146,0.99647,0.9990162
893,0.99886996,0.997798,0.99297005,0.99923146,0.99647,0.9990162
894,0.99886996,0.997798,0.99297005,0.99923146,0.99647,0.9990162
895,0.99886996,0.997798,0.99297005,0.99923146,0.99647,0.9990162
896,0.99886996,0.997798,0.99297005,0.99923146,0.99647,0.9990162
897,0.99886996,0.997798,0.99297005,0.99923146,0.99647,0.9990162
898,0.99886996,0.997798,0.99297005,0.99923146,0.99647,0.9990162
899,0.99886996,0.997798,0.99297005,0.99923146,0.99647,0.9990162
900,0.99886996,0.997798,0.99297005,0.99923146,0.99647,0.9990162
901,0.99886996,0.997798,0.99297005,0.99923146,0.99647,0.9990162
902,0.99886996,0.997798,0.99297005,0.99923146,0.99647,0.9990162
903,0.99886996,0.997798,0.99297005,0.99923146,0.99647,0.9990162
904,0.99886996,0.997798,0.99297005,0.99923146,0.99647,0.9990162
905,0.99886996,0.997798,0.99297005,0.9992512,0.99647,0.9990162
906,0.99886996,0.997798,0.99297005,0.9992512,0.99647,0.9990162
907,0.99886996,0.997798,0.99297005,0.9992512,0.99647,0.9990162
908,0.99886996,0.997798,0.99297005,0.9992512,0.99647,0.9990162
909,0.99886996,0.997798,0.99297005,0.9992512,0.99647,0.9990162
910,0.99886996,0.997798,0.9930019,0.9992512,0.99647,0.9990162
911,0.99886996,0.997798,0.9930019,0.9992512,0.99647,0.9990162
912,0.99886996,0.997798,0.9930019,0.9992512,0.99647,0.9990162
913,0.99886996,0.997798,0.9930019,0.9992512,0.99647,0.9990162
914,0.99886996,0.997798,0.9930019,0.9992512,0.99647,0.9990162
915,0.99886996,0.997798,0.9930019,0.9992512,0.99647,0.9990162
916,0.99886996,0.997798,0.9930019,0.9992512,0.99647,0.9990162
917,0.99886996,0.997798,0.9930019,0.9992512,0.99647,0.9990162
918,0.99886996,0.997798,0.9930019,0.9992512,0.99647,0.9990162
919,0.99886996,0.997798,0.9930019,0.99927086,0.99647,0.9990162
920,0.99886996,0.997798,0.9930019,0.99927086,0.99647,0.9990162
921,0.99886996,0.99780774,0.9930019,0.99927086,0.99647,0.9990162
922,0.99886996,0.99780774,0.9930019,0.99927086,0.99647,0.9990162
923,0.99886996,0.99780774,0.9930019,0.99927086,0.99647,0.9990162
924,0.99886996,0.99780774,0.9930019,0.99927086,0.99647,0.9990162
925,0.99886996,0.99780774,0.9930019,0.99927086,0.99647,0.9990162
926,0.99886996,0.99780774,0.9930019,0.99927086,0.99647,0.9990162
927,0.99886996,0.99780774,0.9930019,0.99927086,0.99647,0.9990162
928,0.99886996,0.99780774,0.9930019,0.99927086,0.99647,0.9990162
929,0.99886996,0.99780774,0.9930019,0.99927086,0.99647,0.9990162
930,0.99886996,0.99780774,0.9930019,0.99927086,0.99647,0.9990162
931,0.99886996,0.99780774,0.9930019,0.99927086,0.99647,0.9990162
932,0.99886996,0.99780774,0.9930019,0.99927086,0.99647,0.9990162
933,0.99886996,0.99780774,0.9930019,0.99927086,0.99647,0.9990162
934,0.99886996,0.99780774,0.9930019,0.99927086,0.99647,0.9990162
935,0.99886996,0.99780774,0.9930019,0.99927086,0.99647,0.9990162
936,0.99886996,0.99780774,0.9930019,0.99927086,0.9964722,0.9990162
937,0.99886996,0.99780774,0.9930019,0.99927086,0.99647444,0.9990162
938,0.99886996,0.99780774,0.9930019,0.99927086,0.9964767,0.9990162
939,0.99886996,0.99780774,0.9930019,0.99927086,0.9964767,0.9990162
940,0.99886996,0.99780774,0.9930019,0.99927086,0.9964767,0.9990162
941,0.99886996,0.99780774,0.9930019,0.99927086,0.9964767,0.9990162
942,0.99886996,0.99781746,0.9930019,0.99927086,0.9964767,0.9990162
943,0.99886996,0.99781746,0.9930019,0.99927086,0.9964767,0.9990162
944,0.99886996,0.9978271,0.9930019,0.99927086,0.9964767,0.9990162
945,0.99886996,0.9978271,0.9930019,0.99927086,0.9964767,0.9990162
946,0.99886996,0.9978271,0.9930019,0.99927086,0.9964767,0.9990162
947,0.99886996,0.9978271,0.9930019,0.99927086,0.996479,0.9990162
948,0.99886996,0.9978368,0.9930019,0.99927086,0.996479,0.9990162
949,0.99886996,0.9978368,0.9930337,0.99927086,0.996479,0.9990162
950,0.99886996,0.9978368,0.9930337,0.99927086,0.996479,0.9990162
951,0.99886996,0.9978368,0.9930337,0.99927086,0.996479,0.9990162
952,0.99886996,0.9978368,0.9930337,0.99927086,0.99648124,0.9990162
953,0.99886996,0.9978368,0.9930337,0.99927086,0.99648124,0.9990162
954,0.99886996,0.9978368,0.9930337,0.99927086,0.99648124,0.9990162
955,0.99886996,0.9978368,0.9930337,0.9992906,0.99648124,0.9990162
956,0.99886996,0.9978368,0.9930337,0.9992906,0.99648124,0.9990162
957,0.99886996,0.9978368,0.9930337,0.9992906,0.99648124,0.9990162
958,0.99886996,0.9978368,0.9930337,0.9992906,0.9964835,0.9990162
959,0.99886996,0.9978368,0.9930337,0.9992906,0.9964835,0.9990162
960,0.99886996,0.99784654,0.9930337,0.9992906,0.9964857,0.9990162
961,0.99886996,0.99784654,0.9930337,0.9992906,0.9964857,0.9990162
962,0.99886996,0.99784654,0.9930337,0.9992906,0.9964857,0.9990162
963,0.99886996,0.99784654,0.9930337,0.9992906,0.9964857,0.9990162
964,0.99886996,0.99784654,0.9930337,0.9992906,0.996488,0.9990162
965,0.99886996,0.99784654,0.9930337,0.9992906,0.996488,0.9990162
966,0.99886996,0.99785626,0.9930655,0.9992906,0.996488,0.9990162
967,0.99886996,0.99785626,0.9930655,0.9992906,0.996488,0.9990162
968,0.99886996,0.99785626,0.9930655,0.9992906,0.99649024,0.9990162
969,0.99886996,0.99785626,0.9930973,0.9992906,0.99649024,0.9990162
970,0.99886996,0.99785626,0.9930973,0.9992906,0.9964925,0.9990162
971,0.99886996,0.9978659,0.9930973,0.9992906,0.99649477,0.9990162
972,0.99886996,0.9978659,0.9930973,0.9992906,0.99649477,0.9990162
973,0.99886996,0.9978659,0.9930973,0.9992906,0.99649477,0.9990162
974,0.99886996,0.9978659,0.9930973,0.9992906,0.99649477,0.9990162
975,0.99886996,0.9978659,0.9930973,0.9992906,0.99649477,0.9990162
976,0.99886996,0.99787563,0.9930973,0.9992906,0.99649477,0.9990162
977,0.99886996,0.99787563,0.9930973,0.9992906,0.99649924,0.9990162
978,0.99886996,0.99787563,0.9930973,0.9992906,0.99649924,0.9990162
979,0.99886996,0.99788535,0.99312913,0.9992906,0.99649924,0.9990162
980,0.99886996,0.99789506,0.99312913,0.9992906,0.99649924,0.9990162
981,0.99886996,0.99789506,0.99312913,0.9993103,0.9965015,0.9990162
982,0.99886996,0.99789506,0.9931609,0.9993103,0.99650604,0.9990162
983,0.99886996,0.99789506,0.9931609,0.9993103,0.99650604,0.9990162
984,0.99886996,0.9979047,0.9931609,0.9993103,0.9965083,0.9990162
985,0.99886996,0.99791443,0.9931609,0.9993103,0.99651057,0.9990162
986,0.99886996,0.99791443,0.99319273,0.99933,0.9965173,0.9990162
987,0.99888146,0.99792415,0.99319273,0.99933,0.9965173,0.9990162
988,0.99888146,0.99793386,0.99319273,0.99933,0.9965173,0.9990162
989,0.99888146,0.99793386,0.99319273,0.99933,0.9965241,0.9990162
990,0.99888146,0.99793386,0.99328816,0.99933,0.9965241,0.9990162
991,0.99888146,0.99793386,0.99328816,0.99933,0.99652857,0.9990162
992,0.99888146,0.99793386,0.9933836,0.99933,0.99652857,0.9990162
993,0.99888146,0.9979435,0.9933836,0.99933,0.99653083,0.9990162
994,0.99888146,0.9979435,0.9933836,0.99933,0.99653536,0.9990162
995,0.99888146,0.9979435,0.9933836,0.99933,0.9965399,0.9990162
996,0.998893,0.99796295,0.9934154,0.99933,0.9965466,0.9990162
997,0.9989045,0.9979823,0.9934154,0.99933,0.9965557,0.9990162
998,0.9989045,0.9980599,0.9934472,0.99933,0.9965782,0.99902934
999,1.0,1.0,1.0,1.0,1.0,1.0
